Arguments: 
  /Users/darius/.nvm/versions/node/v18.13.0/bin/node /opt/homebrew/bin/yarn add -D eslint

PATH: 
  /Users/darius/.nvm/versions/node/v18.13.0/bin:/opt/homebrew/bin:/opt/homebrew/sbin:/usr/local/bin:/System/Cryptexes/App/usr/bin:/usr/bin:/bin:/usr/sbin:/sbin:/var/run/com.apple.security.cryptexd/codex.system/bootstrap/usr/local/bin:/var/run/com.apple.security.cryptexd/codex.system/bootstrap/usr/bin:/var/run/com.apple.security.cryptexd/codex.system/bootstrap/usr/appleinternal/bin:/Library/Apple/usr/bin:/Users/darius/.nvm/versions/node/v18.13.0/bin:/Users/darius/Library/Application Support/JetBrains/Toolbox/scripts:/Users/darius/Library/Android/sdk/emulator:/Users/darius/Library/Android/sdk/tools:/Users/darius/Library/Android/sdk/tools/bin:/Users/darius/Library/Android/sdk/platform-tools:/Users/darius/Desktop/flutter/bin:/Users/darius/Library/Application Support/JetBrains/Toolbox/scripts:/Users/darius/Library/Android/sdk/emulator:/Users/darius/Library/Android/sdk/tools:/Users/darius/Library/Android/sdk/tools/bin:/Users/darius/Library/Android/sdk/platform-tools:/Users/darius/Desktop/flutter/bin

Yarn version: 
  1.22.19

Node version: 
  18.13.0

Platform: 
  darwin arm64

Trace: 
  SyntaxError: /Users/darius/project/my-blog-backend/my-blog-backend/package.json: Unexpected token } in JSON at position 1503
      at JSON.parse (<anonymous>)
      at /opt/homebrew/lib/node_modules/yarn/lib/cli.js:1629:59
      at Generator.next (<anonymous>)
      at step (/opt/homebrew/lib/node_modules/yarn/lib/cli.js:310:30)
      at /opt/homebrew/lib/node_modules/yarn/lib/cli.js:321:13

npm manifest: 
  {
     "name": "my-blog-backend",
     "version": "0.0.1",
     "description": "Awesome project developed with TypeORM.",
     "type": "commonjs",
     "devDependencies": {
        "@types/bcrypt": "^5.0.2",
        "@types/express": "^5.0.0",
        "@types/jsonwebtoken": "^9.0.9",
        "@types/memory-cache": "^0.2.6",
        "@types/node": "^16.11.10",
        "nodemon": "^3.1.9",
        "ts-node": "10.9.1",
        "typescript": "4.5.2"
     },
     "dependencies": {
        "@types/cors": "^2.8.17",
        "bcrypt": "^5.1.1",
        "commitizen": "^4.3.1",
        "concurrently": "^9.1.2",
        "dotenv": "^16.4.7",
        "express": "^4.21.2",
        "jsonwebtoken": "^9.0.2",
        "memory-cache": "^0.2.0",
        "pg": "^8.4.0",
        "reflect-metadata": "^0.1.13",
        "swagger-autogen": "^2.23.7",
        "swagger-jsdoc": "^6.2.8",
        "swagger-ui-express": "^5.0.1",
        "typeorm": "0.3.20"
     },
     "scripts": {
        "watch": "tsc -w",
        "dev": "nodemon build/index.js",
        "start:dev": "concurrently \"tsc -w\" \"nodemon build/index.js\"",
        "build": "tsc",
        "start": "nodemon --exec ts-node src/index.ts",
        "typeorm": "typeorm-ts-node-commonjs",
        "migration-run": "npm run typeorm migration:run -- -d ./src/databases/data-source.ts",
        "migration-generate": "npm run typeorm migration:generate -- -d ./src/databases/data-source.ts",
        "migrate:create": "ts-node ./src/scripts/create-migration.ts",
        "migrate:generate": "ts-node ./src/scripts/generate-migration.ts",
     }
  }

yarn manifest: 
  No manifest

Lockfile: 
  # THIS IS AN AUTOGENERATED FILE. DO NOT EDIT THIS FILE DIRECTLY.
  # yarn lockfile v1
  
  
  "@apidevtools/json-schema-ref-parser@^9.0.6":
    version "9.1.2"
    resolved "https://registry.yarnpkg.com/@apidevtools/json-schema-ref-parser/-/json-schema-ref-parser-9.1.2.tgz#8ff5386b365d4c9faa7c8b566ff16a46a577d9b8"
    integrity sha512-r1w81DpR+KyRWd3f+rk6TNqMgedmAxZP5v5KWlXQWlgMUUtyEJch0DKEci1SorPMiSeM8XPl7MZ3miJ60JIpQg==
    dependencies:
      "@jsdevtools/ono" "^7.1.3"
      "@types/json-schema" "^7.0.6"
      call-me-maybe "^1.0.1"
      js-yaml "^4.1.0"
  
  "@apidevtools/openapi-schemas@^2.0.4":
    version "2.1.0"
    resolved "https://registry.yarnpkg.com/@apidevtools/openapi-schemas/-/openapi-schemas-2.1.0.tgz#9fa08017fb59d80538812f03fc7cac5992caaa17"
    integrity sha512-Zc1AlqrJlX3SlpupFGpiLi2EbteyP7fXmUOGup6/DnkRgjP9bgMM/ag+n91rsv0U1Gpz0H3VILA/o3bW7Ua6BQ==
  
  "@apidevtools/swagger-methods@^3.0.2":
    version "3.0.2"
    resolved "https://registry.yarnpkg.com/@apidevtools/swagger-methods/-/swagger-methods-3.0.2.tgz#b789a362e055b0340d04712eafe7027ddc1ac267"
    integrity sha512-QAkD5kK2b1WfjDS/UQn/qQkbwF31uqRjPTrsCs5ZG9BQGAkjwvqGFjjPqAuzac/IYzpPtRzjCP1WrTuAIjMrXg==
  
  "@apidevtools/swagger-parser@10.0.3":
    version "10.0.3"
    resolved "https://registry.yarnpkg.com/@apidevtools/swagger-parser/-/swagger-parser-10.0.3.tgz#32057ae99487872c4dd96b314a1ab4b95d89eaf5"
    integrity sha512-sNiLY51vZOmSPFZA5TF35KZ2HbgYklQnTSDnkghamzLb3EkNtcQnrBQEj5AOCxHpTtXpqMCRM1CrmV2rG6nw4g==
    dependencies:
      "@apidevtools/json-schema-ref-parser" "^9.0.6"
      "@apidevtools/openapi-schemas" "^2.0.4"
      "@apidevtools/swagger-methods" "^3.0.2"
      "@jsdevtools/ono" "^7.1.3"
      call-me-maybe "^1.0.1"
      z-schema "^5.0.1"
  
  "@babel/code-frame@^7.0.0":
    version "7.26.2"
    resolved "https://registry.yarnpkg.com/@babel/code-frame/-/code-frame-7.26.2.tgz#4b5fab97d33338eff916235055f0ebc21e573a85"
    integrity sha512-RJlIHRueQgwWitWgF8OdFYGZX328Ax5BCemNGlqHfplnRT9ESi8JkFlvaVYbS+UubVY6dpv87Fs2u5M29iNFVQ==
    dependencies:
      "@babel/helper-validator-identifier" "^7.25.9"
      js-tokens "^4.0.0"
      picocolors "^1.0.0"
  
  "@babel/helper-validator-identifier@^7.25.9":
    version "7.25.9"
    resolved "https://registry.yarnpkg.com/@babel/helper-validator-identifier/-/helper-validator-identifier-7.25.9.tgz#24b64e2c3ec7cd3b3c547729b8d16871f22cbdc7"
    integrity sha512-Ed61U6XJc3CVRfkERJWDz4dJwKe7iLmmJsbOGu9wSloNSFttHV0I8g6UAgb7qnK5ly5bGLPd4oXZlxCdANBOWQ==
  
  "@commitlint/config-validator@^19.5.0":
    version "19.5.0"
    resolved "https://registry.yarnpkg.com/@commitlint/config-validator/-/config-validator-19.5.0.tgz#f0a4eda2109fc716ef01bb8831af9b02e3a1e568"
    integrity sha512-CHtj92H5rdhKt17RmgALhfQt95VayrUo2tSqY9g2w+laAXyk7K/Ef6uPm9tn5qSIwSmrLjKaXK9eiNuxmQrDBw==
    dependencies:
      "@commitlint/types" "^19.5.0"
      ajv "^8.11.0"
  
  "@commitlint/execute-rule@^19.5.0":
    version "19.5.0"
    resolved "https://registry.yarnpkg.com/@commitlint/execute-rule/-/execute-rule-19.5.0.tgz#c13da8c03ea0379f30856111e27d57518e25b8a2"
    integrity sha512-aqyGgytXhl2ejlk+/rfgtwpPexYyri4t8/n4ku6rRJoRhGZpLFMqrZ+YaubeGysCP6oz4mMA34YSTaSOKEeNrg==
  
  "@commitlint/load@>6.1.1":
    version "19.6.1"
    resolved "https://registry.yarnpkg.com/@commitlint/load/-/load-19.6.1.tgz#5fae8843a6048a2d3d1cc16da0af8ee532fa9db4"
    integrity sha512-kE4mRKWWNju2QpsCWt428XBvUH55OET2N4QKQ0bF85qS/XbsRGG1MiTByDNlEVpEPceMkDr46LNH95DtRwcsfA==
    dependencies:
      "@commitlint/config-validator" "^19.5.0"
      "@commitlint/execute-rule" "^19.5.0"
      "@commitlint/resolve-extends" "^19.5.0"
      "@commitlint/types" "^19.5.0"
      chalk "^5.3.0"
      cosmiconfig "^9.0.0"
      cosmiconfig-typescript-loader "^6.1.0"
      lodash.isplainobject "^4.0.6"
      lodash.merge "^4.6.2"
      lodash.uniq "^4.5.0"
  
  "@commitlint/resolve-extends@^19.5.0":
    version "19.5.0"
    resolved "https://registry.yarnpkg.com/@commitlint/resolve-extends/-/resolve-extends-19.5.0.tgz#f3ec33e12d10df90cae0bfad8e593431fb61b18e"
    integrity sha512-CU/GscZhCUsJwcKTJS9Ndh3AKGZTNFIOoQB2n8CmFnizE0VnEuJoum+COW+C1lNABEeqk6ssfc1Kkalm4bDklA==
    dependencies:
      "@commitlint/config-validator" "^19.5.0"
      "@commitlint/types" "^19.5.0"
      global-directory "^4.0.1"
      import-meta-resolve "^4.0.0"
      lodash.mergewith "^4.6.2"
      resolve-from "^5.0.0"
  
  "@commitlint/types@^19.5.0":
    version "19.5.0"
    resolved "https://registry.yarnpkg.com/@commitlint/types/-/types-19.5.0.tgz#c5084d1231d4dd50e40bdb656ee7601f691400b3"
    integrity sha512-DSHae2obMSMkAtTBSOulg5X7/z+rGLxcXQIkg3OmWvY6wifojge5uVMydfhUvs7yQj+V7jNmRZ2Xzl8GJyqRgg==
    dependencies:
      "@types/conventional-commits-parser" "^5.0.0"
      chalk "^5.3.0"
  
  "@cspotcode/source-map-support@^0.8.0":
    version "0.8.1"
    resolved "https://registry.yarnpkg.com/@cspotcode/source-map-support/-/source-map-support-0.8.1.tgz#00629c35a688e05a88b1cda684fb9d5e73f000a1"
    integrity sha512-IchNf6dN4tHoMFIn/7OE8LWZ19Y6q/67Bmf6vnGREv8RSbBVb9LPJxEcnwrcwX6ixSvaiGoomAUvu4YSxXrVgw==
    dependencies:
      "@jridgewell/trace-mapping" "0.3.9"
  
  "@isaacs/cliui@^8.0.2":
    version "8.0.2"
    resolved "https://registry.yarnpkg.com/@isaacs/cliui/-/cliui-8.0.2.tgz#b37667b7bc181c168782259bab42474fbf52b550"
    integrity sha512-O8jcjabXaleOG9DQ0+ARXWZBTfnP4WNAqzuiJK7ll44AmxGKv/J2M4TPjxjY3znBCfvBXFzucm1twdyFybFqEA==
    dependencies:
      string-width "^5.1.2"
      string-width-cjs "npm:string-width@^4.2.0"
      strip-ansi "^7.0.1"
      strip-ansi-cjs "npm:strip-ansi@^6.0.1"
      wrap-ansi "^8.1.0"
      wrap-ansi-cjs "npm:wrap-ansi@^7.0.0"
  
  "@jridgewell/resolve-uri@^3.0.3":
    version "3.1.2"
    resolved "https://registry.yarnpkg.com/@jridgewell/resolve-uri/-/resolve-uri-3.1.2.tgz#7a0ee601f60f99a20c7c7c5ff0c80388c1189bd6"
    integrity sha512-bRISgCIjP20/tbWSPWMEi54QVPRZExkuD9lJL+UIxUKtwVJA8wW1Trb1jMs1RFXo1CBTNZ/5hpC9QvmKWdopKw==
  
  "@jridgewell/sourcemap-codec@^1.4.10":
    version "1.5.0"
    resolved "https://registry.yarnpkg.com/@jridgewell/sourcemap-codec/-/sourcemap-codec-1.5.0.tgz#3188bcb273a414b0d215fd22a58540b989b9409a"
    integrity sha512-gv3ZRaISU3fjPAgNsriBRqGWQL6quFx04YMPW/zD8XMLsU32mhCCbfbO6KZFLjvYpCZ8zyDEgqsgf+PwPaM7GQ==
  
  "@jridgewell/trace-mapping@0.3.9":
    version "0.3.9"
    resolved "https://registry.yarnpkg.com/@jridgewell/trace-mapping/-/trace-mapping-0.3.9.tgz#6534fd5933a53ba7cbf3a17615e273a0d1273ff9"
    integrity sha512-3Belt6tdc8bPgAtbcmdtNJlirVoTmEb5e2gC94PnkwEW9jI6CAHUeoG85tjWP5WquqfavoMtMwiG4P926ZKKuQ==
    dependencies:
      "@jridgewell/resolve-uri" "^3.0.3"
      "@jridgewell/sourcemap-codec" "^1.4.10"
  
  "@jsdevtools/ono@^7.1.3":
    version "7.1.3"
    resolved "https://registry.yarnpkg.com/@jsdevtools/ono/-/ono-7.1.3.tgz#9df03bbd7c696a5c58885c34aa06da41c8543796"
    integrity sha512-4JQNk+3mVzK3xh2rqd6RB4J46qUR19azEHBneZyTZM+c456qOrbbM/5xcR8huNCCcbVt7+UmizG6GuUvPvKUYg==
  
  "@mapbox/node-pre-gyp@^1.0.11":
    version "1.0.11"
    resolved "https://registry.yarnpkg.com/@mapbox/node-pre-gyp/-/node-pre-gyp-1.0.11.tgz#417db42b7f5323d79e93b34a6d7a2a12c0df43fa"
    integrity sha512-Yhlar6v9WQgUp/He7BdgzOz8lqMQ8sU+jkCq7Wx8Myc5YFJLbEe7lgui/V7G1qB1DJykHSGwreceSaD60Y0PUQ==
    dependencies:
      detect-libc "^2.0.0"
      https-proxy-agent "^5.0.0"
      make-dir "^3.1.0"
      node-fetch "^2.6.7"
      nopt "^5.0.0"
      npmlog "^5.0.1"
      rimraf "^3.0.2"
      semver "^7.3.5"
      tar "^6.1.11"
  
  "@pkgjs/parseargs@^0.11.0":
    version "0.11.0"
    resolved "https://registry.yarnpkg.com/@pkgjs/parseargs/-/parseargs-0.11.0.tgz#a77ea742fab25775145434eb1d2328cf5013ac33"
    integrity sha512-+1VkjdD0QBLPodGrJUeqarH8VAIvQODIbwh9XpP5Syisf7YoQgsJKPNFoqqLQlu+VQ/tVSshMR6loPMn8U+dPg==
  
  "@scarf/scarf@=1.4.0":
    version "1.4.0"
    resolved "https://registry.yarnpkg.com/@scarf/scarf/-/scarf-1.4.0.tgz#3bbb984085dbd6d982494538b523be1ce6562972"
    integrity sha512-xxeapPiUXdZAE3che6f3xogoJPeZgig6omHEy1rIY5WVsB3H2BHNnZH+gHG6x91SCWyQCzWGsuL2Hh3ClO5/qQ==
  
  "@sqltools/formatter@^1.2.5":
    version "1.2.5"
    resolved "https://registry.yarnpkg.com/@sqltools/formatter/-/formatter-1.2.5.tgz#3abc203c79b8c3e90fd6c156a0c62d5403520e12"
    integrity sha512-Uy0+khmZqUrUGm5dmMqVlnvufZRSK0FbYzVgp0UMstm+F5+W2/jnEEQyc9vo1ZR/E5ZI/B1WjjoTqBqwJL6Krw==
  
  "@tsconfig/node10@^1.0.7":
    version "1.0.11"
    resolved "https://registry.yarnpkg.com/@tsconfig/node10/-/node10-1.0.11.tgz#6ee46400685f130e278128c7b38b7e031ff5b2f2"
    integrity sha512-DcRjDCujK/kCk/cUe8Xz8ZSpm8mS3mNNpta+jGCA6USEDfktlNvm1+IuZ9eTcDbNk41BHwpHHeW+N1lKCz4zOw==
  
  "@tsconfig/node12@^1.0.7":
    version "1.0.11"
    resolved "https://registry.yarnpkg.com/@tsconfig/node12/-/node12-1.0.11.tgz#ee3def1f27d9ed66dac6e46a295cffb0152e058d"
    integrity sha512-cqefuRsh12pWyGsIoBKJA9luFu3mRxCA+ORZvA4ktLSzIuCUtWVxGIuXigEwO5/ywWFMZ2QEGKWvkZG1zDMTag==
  
  "@tsconfig/node14@^1.0.0":
    version "1.0.3"
    resolved "https://registry.yarnpkg.com/@tsconfig/node14/-/node14-1.0.3.tgz#e4386316284f00b98435bf40f72f75a09dabf6c1"
    integrity sha512-ysT8mhdixWK6Hw3i1V2AeRqZ5WfXg1G43mqoYlM2nc6388Fq5jcXyr5mRsqViLx/GJYdoL0bfXD8nmF+Zn/Iow==
  
  "@tsconfig/node16@^1.0.2":
    version "1.0.4"
    resolved "https://registry.yarnpkg.com/@tsconfig/node16/-/node16-1.0.4.tgz#0b92dcc0cc1c81f6f306a381f28e31b1a56536e9"
    integrity sha512-vxhUy4J8lyeyinH7Azl1pdd43GJhZH/tP2weN8TntQblOY+A0XbT8DJk1/oCPuOOyg/Ja757rG0CgHcWC8OfMA==
  
  "@types/bcrypt@^5.0.2":
    version "5.0.2"
    resolved "https://registry.yarnpkg.com/@types/bcrypt/-/bcrypt-5.0.2.tgz#22fddc11945ea4fbc3655b3e8b8847cc9f811477"
    integrity sha512-6atioO8Y75fNcbmj0G7UjI9lXN2pQ/IGJ2FWT4a/btd0Lk9lQalHLKhkgKVZ3r+spnmWUKfbMi1GEe9wyHQfNQ==
    dependencies:
      "@types/node" "*"
  
  "@types/body-parser@*":
    version "1.19.5"
    resolved "https://registry.yarnpkg.com/@types/body-parser/-/body-parser-1.19.5.tgz#04ce9a3b677dc8bd681a17da1ab9835dc9d3ede4"
    integrity sha512-fB3Zu92ucau0iQ0JMCFQE7b/dv8Ot07NI3KaZIkIUNXq82k4eBAqUaneXfleGY9JWskeS9y+u0nXMyspcuQrCg==
    dependencies:
      "@types/connect" "*"
      "@types/node" "*"
  
  "@types/connect@*":
    version "3.4.38"
    resolved "https://registry.yarnpkg.com/@types/connect/-/connect-3.4.38.tgz#5ba7f3bc4fbbdeaff8dded952e5ff2cc53f8d858"
    integrity sha512-K6uROf1LD88uDQqJCktA4yzL1YYAK6NgfsI0v/mTgyPKWsX1CnJ0XPSDhViejru1GcRkLWb8RlzFYJRqGUbaug==
    dependencies:
      "@types/node" "*"
  
  "@types/conventional-commits-parser@^5.0.0":
    version "5.0.1"
    resolved "https://registry.yarnpkg.com/@types/conventional-commits-parser/-/conventional-commits-parser-5.0.1.tgz#8cb81cf170853496cbc501a3b32dcf5e46ffb61a"
    integrity sha512-7uz5EHdzz2TqoMfV7ee61Egf5y6NkcO4FB/1iCCQnbeiI1F3xzv3vK5dBCXUCLQgGYS+mUeigK1iKQzvED+QnQ==
    dependencies:
      "@types/node" "*"
  
  "@types/cors@^2.8.17":
    version "2.8.17"
    resolved "https://registry.yarnpkg.com/@types/cors/-/cors-2.8.17.tgz#5d718a5e494a8166f569d986794e49c48b216b2b"
    integrity sha512-8CGDvrBj1zgo2qE+oS3pOCyYNqCPryMWY2bGfwA0dcfopWGgxs+78df0Rs3rc9THP4JkOhLsAa+15VdpAqkcUA==
    dependencies:
      "@types/node" "*"
  
  "@types/express-serve-static-core@^5.0.0":
    version "5.0.6"
    resolved "https://registry.yarnpkg.com/@types/express-serve-static-core/-/express-serve-static-core-5.0.6.tgz#41fec4ea20e9c7b22f024ab88a95c6bb288f51b8"
    integrity sha512-3xhRnjJPkULekpSzgtoNYYcTWgEZkp4myc+Saevii5JPnHNvHMRlBSHDbs7Bh1iPPoVTERHEZXyhyLbMEsExsA==
    dependencies:
      "@types/node" "*"
      "@types/qs" "*"
      "@types/range-parser" "*"
      "@types/send" "*"
  
  "@types/express@^5.0.0":
    version "5.0.0"
    resolved "https://registry.yarnpkg.com/@types/express/-/express-5.0.0.tgz#13a7d1f75295e90d19ed6e74cab3678488eaa96c"
    integrity sha512-DvZriSMehGHL1ZNLzi6MidnsDhUZM/x2pRdDIKdwbUNqqwHxMlRdkxtn6/EPKyqKpHqTl/4nRZsRNLpZxZRpPQ==
    dependencies:
      "@types/body-parser" "*"
      "@types/express-serve-static-core" "^5.0.0"
      "@types/qs" "*"
      "@types/serve-static" "*"
  
  "@types/http-errors@*":
    version "2.0.4"
    resolved "https://registry.yarnpkg.com/@types/http-errors/-/http-errors-2.0.4.tgz#7eb47726c391b7345a6ec35ad7f4de469cf5ba4f"
    integrity sha512-D0CFMMtydbJAegzOyHjtiKPLlvnm3iTZyZRSZoLq2mRhDdmLfIWOCYPfQJ4cu2erKghU++QvjcUjp/5h7hESpA==
  
  "@types/json-schema@^7.0.6":
    version "7.0.15"
    resolved "https://registry.yarnpkg.com/@types/json-schema/-/json-schema-7.0.15.tgz#596a1747233694d50f6ad8a7869fcb6f56cf5841"
    integrity sha512-5+fP8P8MFNC+AyZCDxrB2pkZFPGzqQWUzpSeuuVLvm8VMcorNYavBqoFcxK8bQz4Qsbn4oUEEem4wDLfcysGHA==
  
  "@types/jsonwebtoken@^9.0.9":
    version "9.0.9"
    resolved "https://registry.yarnpkg.com/@types/jsonwebtoken/-/jsonwebtoken-9.0.9.tgz#a4c3a446c0ebaaf467a58398382616f416345fb3"
    integrity sha512-uoe+GxEuHbvy12OUQct2X9JenKM3qAscquYymuQN4fMWG9DBQtykrQEFcAbVACF7qaLw9BePSodUL0kquqBJpQ==
    dependencies:
      "@types/ms" "*"
      "@types/node" "*"
  
  "@types/memory-cache@^0.2.6":
    version "0.2.6"
    resolved "https://registry.yarnpkg.com/@types/memory-cache/-/memory-cache-0.2.6.tgz#adf41557aaf55dbbd2b50f8ae84cf08ea263b5c9"
    integrity sha512-G+9tuwWqss2hvX+T/RNY9CY8qSvuCx8uwnl+tXQWwXtBelXUGcn4j6zknDR+2EfdrgBsMZik0jCKNlDEHIBONQ==
  
  "@types/mime@^1":
    version "1.3.5"
    resolved "https://registry.yarnpkg.com/@types/mime/-/mime-1.3.5.tgz#1ef302e01cf7d2b5a0fa526790c9123bf1d06690"
    integrity sha512-/pyBZWSLD2n0dcHE3hq8s8ZvcETHtEuF+3E7XVt0Ig2nvsVQXdghHVcEkIWjy9A0wKfTn97a/PSDYohKIlnP/w==
  
  "@types/ms@*":
    version "2.1.0"
    resolved "https://registry.yarnpkg.com/@types/ms/-/ms-2.1.0.tgz#052aa67a48eccc4309d7f0191b7e41434b90bb78"
    integrity sha512-GsCCIZDE/p3i96vtEqx+7dBUGXrc7zeSK3wwPHIaRThS+9OhWIXRqzs4d6k1SVU8g91DrNRWxWUGhp5KXQb2VA==
  
  "@types/node@*":
    version "22.13.5"
    resolved "https://registry.yarnpkg.com/@types/node/-/node-22.13.5.tgz#23add1d71acddab2c6a4d31db89c0f98d330b511"
    integrity sha512-+lTU0PxZXn0Dr1NBtC7Y8cR21AJr87dLLU953CWA6pMxxv/UDc7jYAY90upcrie1nRcD6XNG5HOYEDtgW5TxAg==
    dependencies:
      undici-types "~6.20.0"
  
  "@types/node@^16.11.10":
    version "16.18.126"
    resolved "https://registry.yarnpkg.com/@types/node/-/node-16.18.126.tgz#27875faa2926c0f475b39a8bb1e546c0176f8d4b"
    integrity sha512-OTcgaiwfGFBKacvfwuHzzn1KLxH/er8mluiy8/uM3sGXHaRe73RrSIj01jow9t4kJEW633Ov+cOexXeiApTyAw==
  
  "@types/qs@*":
    version "6.9.18"
    resolved "https://registry.yarnpkg.com/@types/qs/-/qs-6.9.18.tgz#877292caa91f7c1b213032b34626505b746624c2"
    integrity sha512-kK7dgTYDyGqS+e2Q4aK9X3D7q234CIZ1Bv0q/7Z5IwRDoADNU81xXJK/YVyLbLTZCoIwUoDoffFeF+p/eIklAA==
  
  "@types/range-parser@*":
    version "1.2.7"
    resolved "https://registry.yarnpkg.com/@types/range-parser/-/range-parser-1.2.7.tgz#50ae4353eaaddc04044279812f52c8c65857dbcb"
    integrity sha512-hKormJbkJqzQGhziax5PItDUTMAM9uE2XXQmM37dyd4hVM+5aVl7oVxMVUiVQn2oCQFN/LKCZdvSM0pFRqbSmQ==
  
  "@types/send@*":
    version "0.17.4"
    resolved "https://registry.yarnpkg.com/@types/send/-/send-0.17.4.tgz#6619cd24e7270793702e4e6a4b958a9010cfc57a"
    integrity sha512-x2EM6TJOybec7c52BX0ZspPodMsQUd5L6PRwOunVyVUhXiBSKf3AezDL8Dgvgt5o0UfKNfuA0eMLr2wLT4AiBA==
    dependencies:
      "@types/mime" "^1"
      "@types/node" "*"
  
  "@types/serve-static@*":
    version "1.15.7"
    resolved "https://registry.yarnpkg.com/@types/serve-static/-/serve-static-1.15.7.tgz#22174bbd74fb97fe303109738e9b5c2f3064f714"
    integrity sha512-W8Ym+h8nhuRwaKPaDw34QUkwsGi6Rc4yYqvKFo5rm2FUEhCFbzVWrxXUxuKK8TASjWsysJY0nsmNCGhCOIsrOw==
    dependencies:
      "@types/http-errors" "*"
      "@types/node" "*"
      "@types/send" "*"
  
  abbrev@1:
    version "1.1.1"
    resolved "https://registry.yarnpkg.com/abbrev/-/abbrev-1.1.1.tgz#f8f2c887ad10bf67f634f005b6987fed3179aac8"
    integrity sha512-nne9/IiQ/hzIhY6pdDnbBtz7DjPTKrY00P/zvPSm5pOFkl6xuGrGnXn/VtTNNfNtAfZ9/1RtehkszU9qcTii0Q==
  
  accepts@~1.3.8:
    version "1.3.8"
    resolved "https://registry.yarnpkg.com/accepts/-/accepts-1.3.8.tgz#0bf0be125b67014adcb0b0921e62db7bffe16b2e"
    integrity sha512-PYAthTa2m2VKxuvSD3DPC/Gy+U+sOA1LAuT8mkmRuvw+NACSaeXEQ+NHcVF7rONl6qcaxV3Uuemwawk+7+SJLw==
    dependencies:
      mime-types "~2.1.34"
      negotiator "0.6.3"
  
  acorn-walk@^8.1.1:
    version "8.3.4"
    resolved "https://registry.yarnpkg.com/acorn-walk/-/acorn-walk-8.3.4.tgz#794dd169c3977edf4ba4ea47583587c5866236b7"
    integrity sha512-ueEepnujpqee2o5aIYnvHU6C0A42MNdsIDeqy5BydrkuC5R1ZuUFnm27EeFJGoEHJQgn3uleRvmTXaJgfXbt4g==
    dependencies:
      acorn "^8.11.0"
  
  acorn@^7.4.1:
    version "7.4.1"
    resolved "https://registry.yarnpkg.com/acorn/-/acorn-7.4.1.tgz#feaed255973d2e77555b83dbc08851a6c63520fa"
    integrity sha512-nQyp0o1/mNdbTO1PO6kHkwSrmgZ0MT/jCCpNiwbUjGoRN4dlBhqJtoQuCnEOKzgTVwg0ZWiCoQy6SxMebQVh8A==
  
  acorn@^8.11.0, acorn@^8.4.1:
    version "8.14.0"
    resolved "https://registry.yarnpkg.com/acorn/-/acorn-8.14.0.tgz#063e2c70cac5fb4f6467f0b11152e04c682795b0"
    integrity sha512-cl669nCJTZBsL97OF4kUQm5g5hC2uihk0NxY3WENAC0TYdILVkAyHymAntgxGkl7K+t0cXIrH5siy5S4XkFycA==
  
  agent-base@6:
    version "6.0.2"
    resolved "https://registry.yarnpkg.com/agent-base/-/agent-base-6.0.2.tgz#49fff58577cfee3f37176feab4c22e00f86d7f77"
    integrity sha512-RZNwNclF7+MS/8bDg70amg32dyeZGZxiDuQmZxKLAlQjr3jGyLx+4Kkk58UO7D2QdgFIQCovuSuZESne6RG6XQ==
    dependencies:
      debug "4"
  
  ajv@^8.11.0:
    version "8.17.1"
    resolved "https://registry.yarnpkg.com/ajv/-/ajv-8.17.1.tgz#37d9a5c776af6bc92d7f4f9510eba4c0a60d11a6"
    integrity sha512-B/gBuNg5SiMTrPkC+A2+cW0RszwxYmn6VYxB/inlBStS5nx6xHIt/ehKRhIMhqusl7a8LjQoZnjCs5vhwxOQ1g==
    dependencies:
      fast-deep-equal "^3.1.3"
      fast-uri "^3.0.1"
      json-schema-traverse "^1.0.0"
      require-from-string "^2.0.2"
  
  ansi-escapes@^4.2.1:
    version "4.3.2"
    resolved "https://registry.yarnpkg.com/ansi-escapes/-/ansi-escapes-4.3.2.tgz#6b2291d1db7d98b6521d5f1efa42d0f3a9feb65e"
    integrity sha512-gKXj5ALrKWQLsYG9jlTRmR/xKluxHV+Z9QEwNIgCfM1/uwPMCuzVVnh5mwTd+OuBZcwSIMbqssNWRm1lE51QaQ==
    dependencies:
      type-fest "^0.21.3"
  
  ansi-regex@^5.0.1:
    version "5.0.1"
    resolved "https://registry.yarnpkg.com/ansi-regex/-/ansi-regex-5.0.1.tgz#082cb2c89c9fe8659a311a53bd6a4dc5301db304"
    integrity sha512-quJQXlTSUGL2LH9SUXo8VwsY4soanhgo6LNSm84E1LBcE8s3O0wpdiRzyR9z/ZZJMlMWv37qOOb9pdJlMUEKFQ==
  
  ansi-regex@^6.0.1:
    version "6.1.0"
    resolved "https://registry.yarnpkg.com/ansi-regex/-/ansi-regex-6.1.0.tgz#95ec409c69619d6cb1b8b34f14b660ef28ebd654"
    integrity sha512-7HSX4QQb4CspciLpVFwyRe79O3xsIZDDLER21kERQ71oaPodF8jL725AgJMFAYbooIqolJoRLuM81SpeUkpkvA==
  
  ansi-styles@^3.2.1:
    version "3.2.1"
    resolved "https://registry.yarnpkg.com/ansi-styles/-/ansi-styles-3.2.1.tgz#41fbb20243e50b12be0f04b8dedbf07520ce841d"
    integrity sha512-VT0ZI6kZRdTh8YyJw3SMbYm/u+NqfsAxEpWO0Pf9sq8/e94WxxOpPKx9FR1FlyCtOVDNOQ+8ntlqFxiRc+r5qA==
    dependencies:
      color-convert "^1.9.0"
  
  ansi-styles@^4.0.0, ansi-styles@^4.1.0:
    version "4.3.0"
    resolved "https://registry.yarnpkg.com/ansi-styles/-/ansi-styles-4.3.0.tgz#edd803628ae71c04c85ae7a0906edad34b648937"
    integrity sha512-zbB9rCJAT1rbjiVDb2hqKFHNYLxgtk8NURxZ3IZwD3F6NtxbXZQCnnSi1Lkx+IDohdPlFp222wVALIheZJQSEg==
    dependencies:
      color-convert "^2.0.1"
  
  ansi-styles@^6.1.0:
    version "6.2.1"
    resolved "https://registry.yarnpkg.com/ansi-styles/-/ansi-styles-6.2.1.tgz#0e62320cf99c21afff3b3012192546aacbfb05c5"
    integrity sha512-bN798gFfQX+viw3R7yrGWRqnrN2oRkEkUjjl4JNn4E8GxxbjtG3FbrEIIY3l8/hrwUwIeCZvi4QuOTP4MErVug==
  
  any-promise@^1.0.0:
    version "1.3.0"
    resolved "https://registry.yarnpkg.com/any-promise/-/any-promise-1.3.0.tgz#abc6afeedcea52e809cdc0376aed3ce39635d17f"
    integrity sha512-7UvmKalWRt1wgjL1RrGxoSJW/0QZFIegpeGvZG9kjp8vrRu55XTHbwnqq2GpXm9uLbcuhxm3IqX9OB4MZR1b2A==
  
  anymatch@~3.1.2:
    version "3.1.3"
    resolved "https://registry.yarnpkg.com/anymatch/-/anymatch-3.1.3.tgz#790c58b19ba1720a84205b57c618d5ad8524973e"
    integrity sha512-KMReFUr0B4t+D+OBkjR3KYqvocp2XaSzO55UcB6mgQMd3KbcE+mWTyvVV7D/zsdEbNnV6acZUutkiHQXvTr1Rw==
    dependencies:
      normalize-path "^3.0.0"
      picomatch "^2.0.4"
  
  app-root-path@^3.1.0:
    version "3.1.0"
    resolved "https://registry.yarnpkg.com/app-root-path/-/app-root-path-3.1.0.tgz#5971a2fc12ba170369a7a1ef018c71e6e47c2e86"
    integrity sha512-biN3PwB2gUtjaYy/isrU3aNWI5w+fAfvHkSvCKeQGxhmYpwKFUxudR3Yya+KqVRHBmEDYh+/lTozYCFbmzX4nA==
  
  "aproba@^1.0.3 || ^2.0.0":
    version "2.0.0"
    resolved "https://registry.yarnpkg.com/aproba/-/aproba-2.0.0.tgz#52520b8ae5b569215b354efc0caa3fe1e45a8adc"
    integrity sha512-lYe4Gx7QT+MKGbDsA+Z+he/Wtef0BiwDOlK/XkBrdfsh9J/jPPXbX0tE9x9cl27Tmu5gg3QUbUrQYa/y+KOHPQ==
  
  are-we-there-yet@^2.0.0:
    version "2.0.0"
    resolved "https://registry.yarnpkg.com/are-we-there-yet/-/are-we-there-yet-2.0.0.tgz#372e0e7bd279d8e94c653aaa1f67200884bf3e1c"
    integrity sha512-Ci/qENmwHnsYo9xKIcUJN5LeDKdJ6R1Z1j9V/J5wyq8nh/mYPEpIKJbBZXtZjG04HiK7zV/p6Vs9952MrMeUIw==
    dependencies:
      delegates "^1.0.0"
      readable-stream "^3.6.0"
  
  arg@^4.1.0:
    version "4.1.3"
    resolved "https://registry.yarnpkg.com/arg/-/arg-4.1.3.tgz#269fc7ad5b8e42cb63c896d5666017261c144089"
    integrity sha512-58S9QDqG0Xx27YwPSt9fJxivjYl432YCwfDMfZ+71RAqUrZef7LrKQZ3LHLOwCS4FLNBplP533Zx895SeOCHvA==
  
  argparse@^2.0.1:
    version "2.0.1"
    resolved "https://registry.yarnpkg.com/argparse/-/argparse-2.0.1.tgz#246f50f3ca78a3240f6c997e8a9bd1eac49e4b38"
    integrity sha512-8+9WqebbFzpX9OR+Wa6O29asIogeRMzcGtAINdpMHHyAg10f05aSFVBbcEqGf/PXw1EjAZ+q2/bEBg3DvurK3Q==
  
  array-flatten@1.1.1:
    version "1.1.1"
    resolved "https://registry.yarnpkg.com/array-flatten/-/array-flatten-1.1.1.tgz#9a5f699051b1e7073328f2a008968b64ea2955d2"
    integrity sha512-PCVAQswWemu6UdxsDFFX/+gVeYqKAod3D3UVm91jHwynguOwAvYPhx8nNlM++NqRcK6CxxpUafjmhIdKiHibqg==
  
  at-least-node@^1.0.0:
    version "1.0.0"
    resolved "https://registry.yarnpkg.com/at-least-node/-/at-least-node-1.0.0.tgz#602cd4b46e844ad4effc92a8011a3c46e0238dc2"
    integrity sha512-+q/t7Ekv1EDY2l6Gda6LLiX14rU9TV20Wa3ofeQmwPFZbOMo9DXrLbOjFaaclkXKWidIaopwAObQDqwWtGUjqg==
  
  balanced-match@^1.0.0:
    version "1.0.2"
    resolved "https://registry.yarnpkg.com/balanced-match/-/balanced-match-1.0.2.tgz#e83e3a7e3f300b34cb9d87f615fa0cbf357690ee"
    integrity sha512-3oSeUO0TMV67hN1AmbXsK4yaqU7tjiHlbxRDZOpH0KW9+CeX4bRAaX0Anxt0tx2MrpRpWwQaPwIlISEJhYU5Pw==
  
  base64-js@^1.3.1:
    version "1.5.1"
    resolved "https://registry.yarnpkg.com/base64-js/-/base64-js-1.5.1.tgz#1b1b440160a5bf7ad40b650f095963481903930a"
    integrity sha512-AKpaYlHn8t4SVbOHCy+b5+KKgvR4vrsD8vbvrbiQJps7fKDTkjkDry6ji0rUJjC0kzbNePLwzxq8iypo41qeWA==
  
  bcrypt@^5.1.1:
    version "5.1.1"
    resolved "https://registry.yarnpkg.com/bcrypt/-/bcrypt-5.1.1.tgz#0f732c6dcb4e12e5b70a25e326a72965879ba6e2"
    integrity sha512-AGBHOG5hPYZ5Xl9KXzU5iKq9516yEmvCKDg3ecP5kX2aB6UqTeXZxk2ELnDgDm6BQSMlLt9rDB4LoSMx0rYwww==
    dependencies:
      "@mapbox/node-pre-gyp" "^1.0.11"
      node-addon-api "^5.0.0"
  
  binary-extensions@^2.0.0:
    version "2.3.0"
    resolved "https://registry.yarnpkg.com/binary-extensions/-/binary-extensions-2.3.0.tgz#f6e14a97858d327252200242d4ccfe522c445522"
    integrity sha512-Ceh+7ox5qe7LJuLHoY0feh3pHuUDHAcRUeyL2VYghZwfpkNIy/+8Ocg0a3UuSoYzavmylwuLWQOf3hl0jjMMIw==
  
  bl@^4.1.0:
    version "4.1.0"
    resolved "https://registry.yarnpkg.com/bl/-/bl-4.1.0.tgz#451535264182bec2fbbc83a62ab98cf11d9f7b3a"
    integrity sha512-1W07cM9gS6DcLperZfFSj+bWLtaPGSOHWhPiGzXmvVJbRLdG82sH/Kn8EtW1VqWVA54AKf2h5k5BbnIbwF3h6w==
    dependencies:
      buffer "^5.5.0"
      inherits "^2.0.4"
      readable-stream "^3.4.0"
  
  body-parser@1.20.3:
    version "1.20.3"
    resolved "https://registry.yarnpkg.com/body-parser/-/body-parser-1.20.3.tgz#1953431221c6fb5cd63c4b36d53fab0928e548c6"
    integrity sha512-7rAxByjUMqQ3/bHJy7D6OGXvx/MMc4IqBn/X0fcM1QUcAItpZrBEYhWGem+tzXH90c+G01ypMcYJBO9Y30203g==
    dependencies:
      bytes "3.1.2"
      content-type "~1.0.5"
      debug "2.6.9"
      depd "2.0.0"
      destroy "1.2.0"
      http-errors "2.0.0"
      iconv-lite "0.4.24"
      on-finished "2.4.1"
      qs "6.13.0"
      raw-body "2.5.2"
      type-is "~1.6.18"
      unpipe "1.0.0"
  
  brace-expansion@^1.1.7:
    version "1.1.11"
    resolved "https://registry.yarnpkg.com/brace-expansion/-/brace-expansion-1.1.11.tgz#3c7fcbf529d87226f3d2f52b966ff5271eb441dd"
    integrity sha512-iCuPHDFgrHX7H2vEI/5xpz07zSHB00TpugqhmYtVmMO6518mCuRMoOYFldEBl0g187ufozdaHgWKcYFb61qGiA==
    dependencies:
      balanced-match "^1.0.0"
      concat-map "0.0.1"
  
  brace-expansion@^2.0.1:
    version "2.0.1"
    resolved "https://registry.yarnpkg.com/brace-expansion/-/brace-expansion-2.0.1.tgz#1edc459e0f0c548486ecf9fc99f2221364b9a0ae"
    integrity sha512-XnAIvQ8eM+kC6aULx6wuQiwVsnzsi9d3WxzV3FpWTGA19F621kwdbsAcFKXgKUHZWsy+mY6iL1sHTxWEFCytDA==
    dependencies:
      balanced-match "^1.0.0"
  
  braces@^3.0.3, braces@~3.0.2:
    version "3.0.3"
    resolved "https://registry.yarnpkg.com/braces/-/braces-3.0.3.tgz#490332f40919452272d55a8480adc0c441358789"
    integrity sha512-yQbXgO/OSZVD2IsiLlro+7Hf6Q18EJrKSEsdoMzKePKXct3gvD8oLcOQdIzGupr5Fj+EDe8gO/lxc1BzfMpxvA==
    dependencies:
      fill-range "^7.1.1"
  
  buffer-equal-constant-time@1.0.1:
    version "1.0.1"
    resolved "https://registry.yarnpkg.com/buffer-equal-constant-time/-/buffer-equal-constant-time-1.0.1.tgz#f8e71132f7ffe6e01a5c9697a4c6f3e48d5cc819"
    integrity sha512-zRpUiDwd/xk6ADqPMATG8vc9VPrkck7T07OIx0gnjmJAnHnTVXNQG3vfvWNuiZIkwu9KrKdA1iJKfsfTVxE6NA==
  
  buffer@^5.5.0:
    version "5.7.1"
    resolved "https://registry.yarnpkg.com/buffer/-/buffer-5.7.1.tgz#ba62e7c13133053582197160851a8f648e99eed0"
    integrity sha512-EHcyIPBQ4BSGlvjB16k5KgAJ27CIsHY/2JBmCRReo48y9rQ3MaUzWX3KVlBa4U7MyX02HdVj0K7C3WaB3ju7FQ==
    dependencies:
      base64-js "^1.3.1"
      ieee754 "^1.1.13"
  
  buffer@^6.0.3:
    version "6.0.3"
    resolved "https://registry.yarnpkg.com/buffer/-/buffer-6.0.3.tgz#2ace578459cc8fbe2a70aaa8f52ee63b6a74c6c6"
    integrity sha512-FTiCpNxtwiZZHEZbcbTIcZjERVICn9yq/pDFkTl95/AxzD1naBctN7YO68riM/gLSDY7sdrMby8hofADYuuqOA==
    dependencies:
      base64-js "^1.3.1"
      ieee754 "^1.2.1"
  
  bytes@3.1.2:
    version "3.1.2"
    resolved "https://registry.yarnpkg.com/bytes/-/bytes-3.1.2.tgz#8b0beeb98605adf1b128fa4386403c009e0221a5"
    integrity sha512-/Nf7TyzTx6S3yRJObOAV7956r8cr2+Oj8AC5dt8wSP3BQAoeX58NoHyCU8P8zGkNXStjTSi6fzO6F0pBdcYbEg==
  
  cachedir@2.3.0:
    version "2.3.0"
    resolved "https://registry.yarnpkg.com/cachedir/-/cachedir-2.3.0.tgz#0c75892a052198f0b21c7c1804d8331edfcae0e8"
    integrity sha512-A+Fezp4zxnit6FanDmv9EqXNAi3vt9DWp51/71UEhXukb7QUuvtv9344h91dyAxuTLoSYJFU299qzR3tzwPAhw==
  
  call-bind-apply-helpers@^1.0.1, call-bind-apply-helpers@^1.0.2:
    version "1.0.2"
    resolved "https://registry.yarnpkg.com/call-bind-apply-helpers/-/call-bind-apply-helpers-1.0.2.tgz#4b5428c222be985d79c3d82657479dbe0b59b2d6"
    integrity sha512-Sp1ablJ0ivDkSzjcaJdxEunN5/XvksFJ2sMBFfq6x0ryhQV/2b/KwFe21cMpmHtPOSij8K99/wSfoEuTObmuMQ==
    dependencies:
      es-errors "^1.3.0"
      function-bind "^1.1.2"
  
  call-bound@^1.0.2:
    version "1.0.3"
    resolved "https://registry.yarnpkg.com/call-bound/-/call-bound-1.0.3.tgz#41cfd032b593e39176a71533ab4f384aa04fd681"
    integrity sha512-YTd+6wGlNlPxSuri7Y6X8tY2dmm12UMH66RpKMhiX6rsk5wXXnYgbUcOt8kiS31/AjfoTOvCsE+w8nZQLQnzHA==
    dependencies:
      call-bind-apply-helpers "^1.0.1"
      get-intrinsic "^1.2.6"
  
  call-me-maybe@^1.0.1:
    version "1.0.2"
    resolved "https://registry.yarnpkg.com/call-me-maybe/-/call-me-maybe-1.0.2.tgz#03f964f19522ba643b1b0693acb9152fe2074baa"
    integrity sha512-HpX65o1Hnr9HH25ojC1YGs7HCQLq0GCOibSaWER0eNpgJ/Z1MZv2mTc7+xh6WOPxbRVcmgbv4hGU+uSQ/2xFZQ==
  
  callsites@^3.0.0:
    version "3.1.0"
    resolved "https://registry.yarnpkg.com/callsites/-/callsites-3.1.0.tgz#b3630abd8943432f54b3f0519238e33cd7df2f73"
    integrity sha512-P8BjAsXvZS+VIDUI11hHCQEv74YT67YUi5JJFNWIqL235sBmjX4+qx9Muvls5ivyNENctx46xQLQ3aTuE7ssaQ==
  
  chalk@^2.4.1:
    version "2.4.2"
    resolved "https://registry.yarnpkg.com/chalk/-/chalk-2.4.2.tgz#cd42541677a54333cf541a49108c1432b44c9424"
    integrity sha512-Mti+f9lpJNcwF4tWV8/OrTTtF1gZi+f8FqlyAdouralcFWFQWF2+NgCHShjkCb+IFBLq9buZwE1xckQU4peSuQ==
    dependencies:
      ansi-styles "^3.2.1"
      escape-string-regexp "^1.0.5"
      supports-color "^5.3.0"
  
  chalk@^4.0.0, chalk@^4.1.0, chalk@^4.1.1, chalk@^4.1.2:
    version "4.1.2"
    resolved "https://registry.yarnpkg.com/chalk/-/chalk-4.1.2.tgz#aac4e2b7734a740867aeb16bf02aad556a1e7a01"
    integrity sha512-oKnbhFyRIXpUuez8iBMmyEa4nbj4IOQyuhc/wy9kY7/WVPcwIO9VA668Pu8RkO7+0G76SLROeyw9CpQ061i4mA==
    dependencies:
      ansi-styles "^4.1.0"
      supports-color "^7.1.0"
  
  chalk@^5.3.0:
    version "5.4.1"
    resolved "https://registry.yarnpkg.com/chalk/-/chalk-5.4.1.tgz#1b48bf0963ec158dce2aacf69c093ae2dd2092d8"
    integrity sha512-zgVZuo2WcZgfUEmsn6eO3kINexW8RAE4maiQ8QNs8CtpPCSyMiYsULR3HQYkm3w8FIA3SberyMJMSldGsW+U3w==
  
  chardet@^0.7.0:
    version "0.7.0"
    resolved "https://registry.yarnpkg.com/chardet/-/chardet-0.7.0.tgz#90094849f0937f2eedc2425d0d28a9e5f0cbad9e"
    integrity sha512-mT8iDcrh03qDGRRmoA2hmBJnxpllMR+0/0qlzjqZES6NdiWDcZkCNAk4rPFZ9Q85r27unkiNNg8ZOiwZXBHwcA==
  
  chokidar@^3.5.2:
    version "3.6.0"
    resolved "https://registry.yarnpkg.com/chokidar/-/chokidar-3.6.0.tgz#197c6cc669ef2a8dc5e7b4d97ee4e092c3eb0d5b"
    integrity sha512-7VT13fmjotKpGipCW9JEQAusEPE+Ei8nl6/g4FBAmIm0GOOLMua9NDDo/DWp0ZAxCr3cPq5ZpBqmPAQgDda2Pw==
    dependencies:
      anymatch "~3.1.2"
      braces "~3.0.2"
      glob-parent "~5.1.2"
      is-binary-path "~2.1.0"
      is-glob "~4.0.1"
      normalize-path "~3.0.0"
      readdirp "~3.6.0"
    optionalDependencies:
      fsevents "~2.3.2"
  
  chownr@^2.0.0:
    version "2.0.0"
    resolved "https://registry.yarnpkg.com/chownr/-/chownr-2.0.0.tgz#15bfbe53d2eab4cf70f18a8cd68ebe5b3cb1dece"
    integrity sha512-bIomtDF5KGpdogkLd9VspvFzk9KfpyyGlS8YFVZl7TGPBHL5snIOnxeshwVgPteQ9b4Eydl+pVbIyE1DcvCWgQ==
  
  cli-cursor@^3.1.0:
    version "3.1.0"
    resolved "https://registry.yarnpkg.com/cli-cursor/-/cli-cursor-3.1.0.tgz#264305a7ae490d1d03bf0c9ba7c925d1753af307"
    integrity sha512-I/zHAwsKf9FqGoXM4WWRACob9+SNukZTd94DWF57E4toouRulbCxcUh6RKUEOQlYTHJnzkPMySvPNaaSLNfLZw==
    dependencies:
      restore-cursor "^3.1.0"
  
  cli-highlight@^2.1.11:
    version "2.1.11"
    resolved "https://registry.yarnpkg.com/cli-highlight/-/cli-highlight-2.1.11.tgz#49736fa452f0aaf4fae580e30acb26828d2dc1bf"
    integrity sha512-9KDcoEVwyUXrjcJNvHD0NFc/hiwe/WPVYIleQh2O1N2Zro5gWJZ/K+3DGn8w8P/F6FxOgzyC5bxDyHIgCSPhGg==
    dependencies:
      chalk "^4.0.0"
      highlight.js "^10.7.1"
      mz "^2.4.0"
      parse5 "^5.1.1"
      parse5-htmlparser2-tree-adapter "^6.0.0"
      yargs "^16.0.0"
  
  cli-spinners@^2.5.0:
    version "2.9.2"
    resolved "https://registry.yarnpkg.com/cli-spinners/-/cli-spinners-2.9.2.tgz#1773a8f4b9c4d6ac31563df53b3fc1d79462fe41"
    integrity sha512-ywqV+5MmyL4E7ybXgKys4DugZbX0FC6LnwrhjuykIjnK9k8OQacQ7axGKnjDXWNhns0xot3bZI5h55H8yo9cJg==
  
  cli-width@^3.0.0:
    version "3.0.0"
    resolved "https://registry.yarnpkg.com/cli-width/-/cli-width-3.0.0.tgz#a2f48437a2caa9a22436e794bf071ec9e61cedf6"
    integrity sha512-FxqpkPPwu1HjuN93Omfm4h8uIanXofW0RxVEW3k5RKx+mJJYSthzNhp32Kzxxy3YAEZ/Dc/EWN1vZRY0+kOhbw==
  
  cliui@^7.0.2:
    version "7.0.4"
    resolved "https://registry.yarnpkg.com/cliui/-/cliui-7.0.4.tgz#a0265ee655476fc807aea9df3df8df7783808b4f"
    integrity sha512-OcRE68cOsVMXp1Yvonl/fzkQOyjLSu/8bhPDfQt0e0/Eb283TKP20Fs2MqoPsr9SwA595rRCA+QMzYc9nBP+JQ==
    dependencies:
      string-width "^4.2.0"
      strip-ansi "^6.0.0"
      wrap-ansi "^7.0.0"
  
  cliui@^8.0.1:
    version "8.0.1"
    resolved "https://registry.yarnpkg.com/cliui/-/cliui-8.0.1.tgz#0c04b075db02cbfe60dc8e6cf2f5486b1a3608aa"
    integrity sha512-BSeNnyus75C4//NQ9gQt1/csTXyo/8Sb+afLAkzAptFuMsod9HFokGNudZpi/oQV73hnVK+sR+5PVRMd+Dr7YQ==
    dependencies:
      string-width "^4.2.0"
      strip-ansi "^6.0.1"
      wrap-ansi "^7.0.0"
  
  clone@^1.0.2:
    version "1.0.4"
    resolved "https://registry.yarnpkg.com/clone/-/clone-1.0.4.tgz#da309cc263df15994c688ca902179ca3c7cd7c7e"
    integrity sha512-JQHZ2QMW6l3aH/j6xCqQThY/9OH4D/9ls34cgkUBiEeocRTU04tHfKPBsUK1PqZCUQM7GiA0IIXJSuXHI64Kbg==
  
  color-convert@^1.9.0:
    version "1.9.3"
    resolved "https://registry.yarnpkg.com/color-convert/-/color-convert-1.9.3.tgz#bb71850690e1f136567de629d2d5471deda4c1e8"
    integrity sha512-QfAUtd+vFdAtFQcC8CCyYt1fYWxSqAiK2cSD6zDB8N3cpsEBAvRxp9zOGg6G/SHHJYAT88/az/IuDGALsNVbGg==
    dependencies:
      color-name "1.1.3"
  
  color-convert@^2.0.1:
    version "2.0.1"
    resolved "https://registry.yarnpkg.com/color-convert/-/color-convert-2.0.1.tgz#72d3a68d598c9bdb3af2ad1e84f21d896abd4de3"
    integrity sha512-RRECPsj7iu/xb5oKYcsFHSppFNnsj/52OVTRKb4zP5onXwVF3zVmmToNcOfGC+CRDpfK/U584fMg38ZHCaElKQ==
    dependencies:
      color-name "~1.1.4"
  
  color-name@1.1.3:
    version "1.1.3"
    resolved "https://registry.yarnpkg.com/color-name/-/color-name-1.1.3.tgz#a7d0558bd89c42f795dd42328f740831ca53bc25"
    integrity sha512-72fSenhMw2HZMTVHeCA9KCmpEIbzWiQsjN+BHcBbS9vr1mtt+vJjPdksIBNUmKAW8TFUDPJK5SUU3QhE9NEXDw==
  
  color-name@~1.1.4:
    version "1.1.4"
    resolved "https://registry.yarnpkg.com/color-name/-/color-name-1.1.4.tgz#c2a09a87acbde69543de6f63fa3995c826c536a2"
    integrity sha512-dOy+3AuW3a2wNbZHIuMZpTcgjGuLU/uBL/ubcZF9OXbDo8ff4O8yVp5Bf0efS8uEoYo5q4Fx7dY9OgQGXgAsQA==
  
  color-support@^1.1.2:
    version "1.1.3"
    resolved "https://registry.yarnpkg.com/color-support/-/color-support-1.1.3.tgz#93834379a1cc9a0c61f82f52f0d04322251bd5a2"
    integrity sha512-qiBjkpbMLO/HL68y+lh4q0/O1MZFj2RX6X/KmMa3+gJD3z+WwI1ZzDHysvqHGS3mP6mznPckpXmw1nI9cJjyRg==
  
  commander@6.2.0:
    version "6.2.0"
    resolved "https://registry.yarnpkg.com/commander/-/commander-6.2.0.tgz#b990bfb8ac030aedc6d11bc04d1488ffef56db75"
    integrity sha512-zP4jEKbe8SHzKJYQmq8Y9gYjtO/POJLgIdKgV7B9qNmABVFVc+ctqSX6iXh4mCpJfRBOabiZ2YKPg8ciDw6C+Q==
  
  commander@^10.0.0:
    version "10.0.1"
    resolved "https://registry.yarnpkg.com/commander/-/commander-10.0.1.tgz#881ee46b4f77d1c1dccc5823433aa39b022cbe06"
    integrity sha512-y4Mg2tXshplEbSGzx7amzPwKKOCGuoSRP/CjEdwwk0FOGlUbq6lKuoyDZTNZkmxHdJtp54hdfY/JUrdL7Xfdug==
  
  commitizen@^4.0.3, commitizen@^4.3.1:
    version "4.3.1"
    resolved "https://registry.yarnpkg.com/commitizen/-/commitizen-4.3.1.tgz#f0e0e4b7ae3fafc92e444bbb78f2ded5a1d4311a"
    integrity sha512-gwAPAVTy/j5YcOOebcCRIijn+mSjWJC+IYKivTu6aG8Ei/scoXgfsMRnuAk6b0GRste2J4NGxVdMN3ZpfNaVaw==
    dependencies:
      cachedir "2.3.0"
      cz-conventional-changelog "3.3.0"
      dedent "0.7.0"
      detect-indent "6.1.0"
      find-node-modules "^2.1.2"
      find-root "1.1.0"
      fs-extra "9.1.0"
      glob "7.2.3"
      inquirer "8.2.5"
      is-utf8 "^0.2.1"
      lodash "4.17.21"
      minimist "1.2.7"
      strip-bom "4.0.0"
      strip-json-comments "3.1.1"
  
  concat-map@0.0.1:
    version "0.0.1"
    resolved "https://registry.yarnpkg.com/concat-map/-/concat-map-0.0.1.tgz#d8a96bd77fd68df7793a73036a3ba0d5405d477b"
    integrity sha512-/Srv4dswyQNBfohGpz9o6Yb3Gz3SrUDqBH5rTuhGR7ahtlbYKnVxw2bCFMRljaA7EXHaXZ8wsHdodFvbkhKmqg==
  
  concurrently@^9.1.2:
    version "9.1.2"
    resolved "https://registry.yarnpkg.com/concurrently/-/concurrently-9.1.2.tgz#22d9109296961eaee773e12bfb1ce9a66bc9836c"
    integrity sha512-H9MWcoPsYddwbOGM6difjVwVZHl63nwMEwDJG/L7VGtuaJhb12h2caPG2tVPWs7emuYix252iGfqOyrz1GczTQ==
    dependencies:
      chalk "^4.1.2"
      lodash "^4.17.21"
      rxjs "^7.8.1"
      shell-quote "^1.8.1"
      supports-color "^8.1.1"
      tree-kill "^1.2.2"
      yargs "^17.7.2"
  
  console-control-strings@^1.0.0, console-control-strings@^1.1.0:
    version "1.1.0"
    resolved "https://registry.yarnpkg.com/console-control-strings/-/console-control-strings-1.1.0.tgz#3d7cf4464db6446ea644bf4b39507f9851008e8e"
    integrity sha512-ty/fTekppD2fIwRvnZAVdeOiGd1c7YXEixbgJTNzqcxJWKQnjJ/V1bNEEE6hygpM3WjwHFUVK6HTjWSzV4a8sQ==
  
  content-disposition@0.5.4:
    version "0.5.4"
    resolved "https://registry.yarnpkg.com/content-disposition/-/content-disposition-0.5.4.tgz#8b82b4efac82512a02bb0b1dcec9d2c5e8eb5bfe"
    integrity sha512-FveZTNuGw04cxlAiWbzi6zTAL/lhehaWbTtgluJh4/E95DqMwTmha3KZN1aAWA8cFIhHzMZUvLevkw5Rqk+tSQ==
    dependencies:
      safe-buffer "5.2.1"
  
  content-type@~1.0.4, content-type@~1.0.5:
    version "1.0.5"
    resolved "https://registry.yarnpkg.com/content-type/-/content-type-1.0.5.tgz#8b773162656d1d1086784c8f23a54ce6d73d7918"
    integrity sha512-nTjqfcBFEipKdXCv4YDQWCfmcLZKm81ldF0pAopTvyrFGVbcR6P/VAAd5G7N+0tTr8QqiU0tFadD6FK4NtJwOA==
  
  conventional-commit-types@^3.0.0:
    version "3.0.0"
    resolved "https://registry.yarnpkg.com/conventional-commit-types/-/conventional-commit-types-3.0.0.tgz#7c9214e58eae93e85dd66dbfbafe7e4fffa2365b"
    integrity sha512-SmmCYnOniSsAa9GqWOeLqc179lfr5TRu5b4QFDkbsrJ5TZjPJx85wtOr3zn+1dbeNiXDKGPbZ72IKbPhLXh/Lg==
  
  cookie-signature@1.0.6:
    version "1.0.6"
    resolved "https://registry.yarnpkg.com/cookie-signature/-/cookie-signature-1.0.6.tgz#e303a882b342cc3ee8ca513a79999734dab3ae2c"
    integrity sha512-QADzlaHc8icV8I7vbaJXJwod9HWYp8uCqf1xa4OfNu1T7JVxQIrUgOWtHdNDtPiywmFbiS12VjotIXLrKM3orQ==
  
  cookie@0.7.1:
    version "0.7.1"
    resolved "https://registry.yarnpkg.com/cookie/-/cookie-0.7.1.tgz#2f73c42142d5d5cf71310a74fc4ae61670e5dbc9"
    integrity sha512-6DnInpx7SJ2AK3+CTUE/ZM0vWTUboZCegxhC2xiIydHR9jNuTAASBrfEpHhiGOZw/nX51bHt6YQl8jsGo4y/0w==
  
  cosmiconfig-typescript-loader@^6.1.0:
    version "6.1.0"
    resolved "https://registry.yarnpkg.com/cosmiconfig-typescript-loader/-/cosmiconfig-typescript-loader-6.1.0.tgz#7f644503e1c2bff90aed2d29a637008f279646bb"
    integrity sha512-tJ1w35ZRUiM5FeTzT7DtYWAFFv37ZLqSRkGi2oeCK1gPhvaWjkAtfXvLmvE1pRfxxp9aQo6ba/Pvg1dKj05D4g==
    dependencies:
      jiti "^2.4.1"
  
  cosmiconfig@^9.0.0:
    version "9.0.0"
    resolved "https://registry.yarnpkg.com/cosmiconfig/-/cosmiconfig-9.0.0.tgz#34c3fc58287b915f3ae905ab6dc3de258b55ad9d"
    integrity sha512-itvL5h8RETACmOTFc4UfIyB2RfEHi71Ax6E/PivVxq9NseKbOWpeyHEOIbmAw1rs8Ak0VursQNww7lf7YtUwzg==
    dependencies:
      env-paths "^2.2.1"
      import-fresh "^3.3.0"
      js-yaml "^4.1.0"
      parse-json "^5.2.0"
  
  create-require@^1.1.0:
    version "1.1.1"
    resolved "https://registry.yarnpkg.com/create-require/-/create-require-1.1.1.tgz#c1d7e8f1e5f6cfc9ff65f9cd352d37348756c333"
    integrity sha512-dcKFX3jn0MpIaXjisoRvexIJVEKzaq7z2rZKxf+MSr9TkdmHmsU4m2lcLojrj/FHl8mk5VxMmYA+ftRkP/3oKQ==
  
  cross-spawn@^7.0.6:
    version "7.0.6"
    resolved "https://registry.yarnpkg.com/cross-spawn/-/cross-spawn-7.0.6.tgz#8a58fe78f00dcd70c370451759dfbfaf03e8ee9f"
    integrity sha512-uV2QOWP2nWzsy2aMp8aRibhi9dlzF5Hgh5SHaB9OiTGEyDTiJJyx0uy51QXdyWbtAHNua4XJzUKca3OzKUd3vA==
    dependencies:
      path-key "^3.1.0"
      shebang-command "^2.0.0"
      which "^2.0.1"
  
  cz-conventional-changelog@3.3.0:
    version "3.3.0"
    resolved "https://registry.yarnpkg.com/cz-conventional-changelog/-/cz-conventional-changelog-3.3.0.tgz#9246947c90404149b3fe2cf7ee91acad3b7d22d2"
    integrity sha512-U466fIzU5U22eES5lTNiNbZ+d8dfcHcssH4o7QsdWaCcRs/feIPCxKYSWkYBNs5mny7MvEfwpTLWjvbm94hecw==
    dependencies:
      chalk "^2.4.1"
      commitizen "^4.0.3"
      conventional-commit-types "^3.0.0"
      lodash.map "^4.5.1"
      longest "^2.0.1"
      word-wrap "^1.0.3"
    optionalDependencies:
      "@commitlint/load" ">6.1.1"
  
  dayjs@^1.11.9:
    version "1.11.13"
    resolved "https://registry.yarnpkg.com/dayjs/-/dayjs-1.11.13.tgz#92430b0139055c3ebb60150aa13e860a4b5a366c"
    integrity sha512-oaMBel6gjolK862uaPQOVTA7q3TZhuSvuMQAAglQDOWYO9A91IrAOUJEyKVlqJlHE0vq5p5UXxzdPfMH/x6xNg==
  
  debug@2.6.9:
    version "2.6.9"
    resolved "https://registry.yarnpkg.com/debug/-/debug-2.6.9.tgz#5d128515df134ff327e90a4c93f4e077a536341f"
    integrity sha512-bC7ElrdJaJnPbAP+1EotYvqZsb3ecl5wi6Bfi6BJTUcNowp6cvspg0jXznRTKDjm/E7AdgFBVeAPVMNcKGsHMA==
    dependencies:
      ms "2.0.0"
  
  debug@4, debug@^4, debug@^4.3.4:
    version "4.4.0"
    resolved "https://registry.yarnpkg.com/debug/-/debug-4.4.0.tgz#2b3f2aea2ffeb776477460267377dc8710faba8a"
    integrity sha512-6WTZ/IxCY/T6BALoZHaE4ctp9xm+Z5kY/pzYaCHRFeyVhojxlrm+46y68HA6hr0TcwEssoxNiDEUJQjfPZ/RYA==
    dependencies:
      ms "^2.1.3"
  
  dedent@0.7.0:
    version "0.7.0"
    resolved "https://registry.yarnpkg.com/dedent/-/dedent-0.7.0.tgz#2495ddbaf6eb874abb0e1be9df22d2e5a544326c"
    integrity sha512-Q6fKUPqnAHAyhiUgFU7BUzLiv0kd8saH9al7tnu5Q/okj6dnupxyTgFIBjVzJATdfIAm9NAsvXNzjaKa+bxVyA==
  
  deepmerge@^4.2.2:
    version "4.3.1"
    resolved "https://registry.yarnpkg.com/deepmerge/-/deepmerge-4.3.1.tgz#44b5f2147cd3b00d4b56137685966f26fd25dd4a"
    integrity sha512-3sUqbMEc77XqpdNO7FRyRog+eW3ph+GYCbj+rK+uYyRMuwsVy0rMiVtPn+QJlKFvWP/1PYpapqYn0Me2knFn+A==
  
  defaults@^1.0.3:
    version "1.0.4"
    resolved "https://registry.yarnpkg.com/defaults/-/defaults-1.0.4.tgz#b0b02062c1e2aa62ff5d9528f0f98baa90978d7a"
    integrity sha512-eFuaLoy/Rxalv2kr+lqMlUnrDWV+3j4pljOIJgLIhI058IQfWJ7vXhyEIHu+HtC738klGALYxOKDO0bQP3tg8A==
    dependencies:
      clone "^1.0.2"
  
  delegates@^1.0.0:
    version "1.0.0"
    resolved "https://registry.yarnpkg.com/delegates/-/delegates-1.0.0.tgz#84c6e159b81904fdca59a0ef44cd870d31250f9a"
    integrity sha512-bd2L678uiWATM6m5Z1VzNCErI3jiGzt6HGY8OVICs40JQq/HALfbyNJmp0UDakEY4pMMaN0Ly5om/B1VI/+xfQ==
  
  depd@2.0.0:
    version "2.0.0"
    resolved "https://registry.yarnpkg.com/depd/-/depd-2.0.0.tgz#b696163cc757560d09cf22cc8fad1571b79e76df"
    integrity sha512-g7nH6P6dyDioJogAAGprGpCtVImJhpPk/roCzdb3fIh61/s/nPsfR6onyMwkCAR/OlC3yBC0lESvUoQEAssIrw==
  
  destroy@1.2.0:
    version "1.2.0"
    resolved "https://registry.yarnpkg.com/destroy/-/destroy-1.2.0.tgz#4803735509ad8be552934c67df614f94e66fa015"
    integrity sha512-2sJGJTaXIIaR1w4iJSNoN0hnMY7Gpc/n8D4qSCJw8QqFWXf7cuAgnEHxBpweaVcPevC2l3KpjYCx3NypQQgaJg==
  
  detect-file@^1.0.0:
    version "1.0.0"
    resolved "https://registry.yarnpkg.com/detect-file/-/detect-file-1.0.0.tgz#f0d66d03672a825cb1b73bdb3fe62310c8e552b7"
    integrity sha512-DtCOLG98P007x7wiiOmfI0fi3eIKyWiLTGJ2MDnVi/E04lWGbf+JzrRHMm0rgIIZJGtHpKpbVgLWHrv8xXpc3Q==
  
  detect-indent@6.1.0:
    version "6.1.0"
    resolved "https://registry.yarnpkg.com/detect-indent/-/detect-indent-6.1.0.tgz#592485ebbbf6b3b1ab2be175c8393d04ca0d57e6"
    integrity sha512-reYkTUJAZb9gUuZ2RvVCNhVHdg62RHnJ7WJl8ftMi4diZ6NWlciOzQN88pUhSELEwflJht4oQDv0F0BMlwaYtA==
  
  detect-libc@^2.0.0:
    version "2.0.3"
    resolved "https://registry.yarnpkg.com/detect-libc/-/detect-libc-2.0.3.tgz#f0cd503b40f9939b894697d19ad50895e30cf700"
    integrity sha512-bwy0MGW55bG41VqxxypOsdSdGqLwXPI/focwgTYCFMbdUiBAxLg9CFzG08sz2aqzknwiX7Hkl0bQENjg8iLByw==
  
  diff@^4.0.1:
    version "4.0.2"
    resolved "https://registry.yarnpkg.com/diff/-/diff-4.0.2.tgz#60f3aecb89d5fae520c11aa19efc2bb982aade7d"
    integrity sha512-58lmxKSA4BNyLz+HHMUzlOEpg09FV+ev6ZMe3vJihgdxzgcwZ8VoEEPmALCZG9LmqfVoNMMKpttIYTVG6uDY7A==
  
  doctrine@3.0.0:
    version "3.0.0"
    resolved "https://registry.yarnpkg.com/doctrine/-/doctrine-3.0.0.tgz#addebead72a6574db783639dc87a121773973961"
    integrity sha512-yS+Q5i3hBf7GBkd4KG8a7eBNNWNGLTaEwwYWUijIYM7zrlYDM0BFXHjjPWlWZ1Rg7UaddZeIDmi9jF3HmqiQ2w==
    dependencies:
      esutils "^2.0.2"
  
  dotenv@^16.0.3, dotenv@^16.4.7:
    version "16.4.7"
    resolved "https://registry.yarnpkg.com/dotenv/-/dotenv-16.4.7.tgz#0e20c5b82950140aa99be360a8a5f52335f53c26"
    integrity sha512-47qPchRCykZC03FhkYAhrvwU4xDBFIj1QPqaarj6mdM/hgUzfPHcpkHJOn3mJAufFeeAxAzeGsr5X0M4k6fLZQ==
  
  dunder-proto@^1.0.1:
    version "1.0.1"
    resolved "https://registry.yarnpkg.com/dunder-proto/-/dunder-proto-1.0.1.tgz#d7ae667e1dc83482f8b70fd0f6eefc50da30f58a"
    integrity sha512-KIN/nDJBQRcXw0MLVhZE9iQHmG68qAVIBg9CqmUYjmQIhgij9U5MFvrqkUL5FbtyyzZuOeOt0zdeRe4UY7ct+A==
    dependencies:
      call-bind-apply-helpers "^1.0.1"
      es-errors "^1.3.0"
      gopd "^1.2.0"
  
  eastasianwidth@^0.2.0:
    version "0.2.0"
    resolved "https://registry.yarnpkg.com/eastasianwidth/-/eastasianwidth-0.2.0.tgz#696ce2ec0aa0e6ea93a397ffcf24aa7840c827cb"
    integrity sha512-I88TYZWc9XiYHRQ4/3c5rjjfgkjhLyW2luGIheGERbNQ6OY7yTybanSpDXZa8y7VUP9YmDcYa+eyq4ca7iLqWA==
  
  ecdsa-sig-formatter@1.0.11:
    version "1.0.11"
    resolved "https://registry.yarnpkg.com/ecdsa-sig-formatter/-/ecdsa-sig-formatter-1.0.11.tgz#ae0f0fa2d85045ef14a817daa3ce9acd0489e5bf"
    integrity sha512-nagl3RYrbNv6kQkeJIpt6NJZy8twLB/2vtz6yN9Z4vRKHN4/QZJIEbqohALSgwKdnksuY3k5Addp5lg8sVoVcQ==
    dependencies:
      safe-buffer "^5.0.1"
  
  ee-first@1.1.1:
    version "1.1.1"
    resolved "https://registry.yarnpkg.com/ee-first/-/ee-first-1.1.1.tgz#590c61156b0ae2f4f0255732a158b266bc56b21d"
    integrity sha512-WMwm9LhRUo+WUaRN+vRuETqG89IgZphVSNkdFgeb6sS/E4OrDIN7t48CAewSHXc6C8lefD8KKfr5vY61brQlow==
  
  emoji-regex@^8.0.0:
    version "8.0.0"
    resolved "https://registry.yarnpkg.com/emoji-regex/-/emoji-regex-8.0.0.tgz#e818fd69ce5ccfcb404594f842963bf53164cc37"
    integrity sha512-MSjYzcWNOA0ewAHpz0MxpYFvwg6yjy1NG3xteoqz644VCo/RPgnr1/GGt+ic3iJTzQ8Eu3TdM14SawnVUmGE6A==
  
  emoji-regex@^9.2.2:
    version "9.2.2"
    resolved "https://registry.yarnpkg.com/emoji-regex/-/emoji-regex-9.2.2.tgz#840c8803b0d8047f4ff0cf963176b32d4ef3ed72"
    integrity sha512-L18DaJsXSUk2+42pv8mLs5jJT2hqFkFE4j21wOmgbUqsZ2hL72NsUU785g9RXgo3s0ZNgVl42TiHp3ZtOv/Vyg==
  
  encodeurl@~1.0.2:
    version "1.0.2"
    resolved "https://registry.yarnpkg.com/encodeurl/-/encodeurl-1.0.2.tgz#ad3ff4c86ec2d029322f5a02c3a9a606c95b3f59"
    integrity sha512-TPJXq8JqFaVYm2CWmPvnP2Iyo4ZSM7/QKcSmuMLDObfpH5fi7RUGmd/rTDf+rut/saiDiQEeVTNgAmJEdAOx0w==
  
  encodeurl@~2.0.0:
    version "2.0.0"
    resolved "https://registry.yarnpkg.com/encodeurl/-/encodeurl-2.0.0.tgz#7b8ea898077d7e409d3ac45474ea38eaf0857a58"
    integrity sha512-Q0n9HRi4m6JuGIV1eFlmvJB7ZEVxu93IrMyiMsGC0lrMJMWzRgx6WGquyfQgZVb31vhGgXnfmPNNXmxnOkRBrg==
  
  env-paths@^2.2.1:
    version "2.2.1"
    resolved "https://registry.yarnpkg.com/env-paths/-/env-paths-2.2.1.tgz#420399d416ce1fbe9bc0a07c62fa68d67fd0f8f2"
    integrity sha512-+h1lkLKhZMTYjog1VEpJNG7NZJWcuc2DDk/qsqSTRRCOXiLjeQ1d1/udrUGhqMxUgAlwKNZ0cf2uqan5GLuS2A==
  
  error-ex@^1.3.1:
    version "1.3.2"
    resolved "https://registry.yarnpkg.com/error-ex/-/error-ex-1.3.2.tgz#b4ac40648107fdcdcfae242f428bea8a14d4f1bf"
    integrity sha512-7dFHNmqeFSEt2ZBsCriorKnn3Z2pj+fd9kmI6QoWw4//DL+icEBfc0U7qJCisqrTsKTjw4fNFy2pW9OqStD84g==
    dependencies:
      is-arrayish "^0.2.1"
  
  es-define-property@^1.0.1:
    version "1.0.1"
    resolved "https://registry.yarnpkg.com/es-define-property/-/es-define-property-1.0.1.tgz#983eb2f9a6724e9303f61addf011c72e09e0b0fa"
    integrity sha512-e3nRfgfUZ4rNGL232gUgX06QNyyez04KdjFrF+LTRoOXmrOgFKDg4BCdsjW8EnT69eqdYGmRpJwiPVYNrCaW3g==
  
  es-errors@^1.3.0:
    version "1.3.0"
    resolved "https://registry.yarnpkg.com/es-errors/-/es-errors-1.3.0.tgz#05f75a25dab98e4fb1dcd5e1472c0546d5057c8f"
    integrity sha512-Zf5H2Kxt2xjTvbJvP2ZWLEICxA6j+hAmMzIlypy4xcBg1vKVnx89Wy0GbS+kf5cwCVFFzdCFh2XSCFNULS6csw==
  
  es-object-atoms@^1.0.0, es-object-atoms@^1.1.1:
    version "1.1.1"
    resolved "https://registry.yarnpkg.com/es-object-atoms/-/es-object-atoms-1.1.1.tgz#1c4f2c4837327597ce69d2ca190a7fdd172338c1"
    integrity sha512-FGgH2h8zKNim9ljj7dankFPcICIK9Cp5bm+c2gQSYePhpaG5+esrLODihIorn+Pe6FGJzWhXQotPv73jTaldXA==
    dependencies:
      es-errors "^1.3.0"
  
  escalade@^3.1.1:
    version "3.2.0"
    resolved "https://registry.yarnpkg.com/escalade/-/escalade-3.2.0.tgz#011a3f69856ba189dffa7dc8fcce99d2a87903e5"
    integrity sha512-WUj2qlxaQtO4g6Pq5c29GTcWGDyd8itL8zTlipgECz3JesAiiOKotd8JU6otB3PACgG6xkJUyVhboMS+bje/jA==
  
  escape-html@~1.0.3:
    version "1.0.3"
    resolved "https://registry.yarnpkg.com/escape-html/-/escape-html-1.0.3.tgz#0258eae4d3d0c0974de1c169188ef0051d1d1988"
    integrity sha512-NiSupZ4OeuGwr68lGIeym/ksIZMJodUGOSCZ/FSnTxcrekbvqrgdUxlJOMpijaKZVjAJrWrGs/6Jy8OMuyj9ow==
  
  escape-string-regexp@^1.0.5:
    version "1.0.5"
    resolved "https://registry.yarnpkg.com/escape-string-regexp/-/escape-string-regexp-1.0.5.tgz#1b61c0562190a8dff6ae3bb2cf0200ca130b86d4"
    integrity sha512-vbRorB5FUQWvla16U8R/qgaFIya2qGzwDrNmCZuYKrbdSUMG6I1ZCGQRefkRVhuOkIGVne7BQ35DSfo1qvJqFg==
  
  esutils@^2.0.2:
    version "2.0.3"
    resolved "https://registry.yarnpkg.com/esutils/-/esutils-2.0.3.tgz#74d2eb4de0b8da1293711910d50775b9b710ef64"
    integrity sha512-kVscqXk4OCp68SZ0dkgEKVi6/8ij300KBWTJq32P/dYeWTSwK41WyTxalN1eRmA5Z9UU/LX9D7FWSmV9SAYx6g==
  
  etag@~1.8.1:
    version "1.8.1"
    resolved "https://registry.yarnpkg.com/etag/-/etag-1.8.1.tgz#41ae2eeb65efa62268aebfea83ac7d79299b0887"
    integrity sha512-aIL5Fx7mawVa300al2BnEE4iNvo1qETxLrPI/o05L7z6go7fCw1J6EQmbK4FmJ2AS7kgVF/KEZWufBfdClMcPg==
  
  expand-tilde@^2.0.0, expand-tilde@^2.0.2:
    version "2.0.2"
    resolved "https://registry.yarnpkg.com/expand-tilde/-/expand-tilde-2.0.2.tgz#97e801aa052df02454de46b02bf621642cdc8502"
    integrity sha512-A5EmesHW6rfnZ9ysHQjPdJRni0SRar0tjtG5MNtm9n5TUvsYU8oozprtRD4AqHxcZWWlVuAmQo2nWKfN9oyjTw==
    dependencies:
      homedir-polyfill "^1.0.1"
  
  express@^4.21.2:
    version "4.21.2"
    resolved "https://registry.yarnpkg.com/express/-/express-4.21.2.tgz#cf250e48362174ead6cea4a566abef0162c1ec32"
    integrity sha512-28HqgMZAmih1Czt9ny7qr6ek2qddF4FclbMzwhCREB6OFfH+rXAnuNCwo1/wFvrtbgsQDb4kSbX9de9lFbrXnA==
    dependencies:
      accepts "~1.3.8"
      array-flatten "1.1.1"
      body-parser "1.20.3"
      content-disposition "0.5.4"
      content-type "~1.0.4"
      cookie "0.7.1"
      cookie-signature "1.0.6"
      debug "2.6.9"
      depd "2.0.0"
      encodeurl "~2.0.0"
      escape-html "~1.0.3"
      etag "~1.8.1"
      finalhandler "1.3.1"
      fresh "0.5.2"
      http-errors "2.0.0"
      merge-descriptors "1.0.3"
      methods "~1.1.2"
      on-finished "2.4.1"
      parseurl "~1.3.3"
      path-to-regexp "0.1.12"
      proxy-addr "~2.0.7"
      qs "6.13.0"
      range-parser "~1.2.1"
      safe-buffer "5.2.1"
      send "0.19.0"
      serve-static "1.16.2"
      setprototypeof "1.2.0"
      statuses "2.0.1"
      type-is "~1.6.18"
      utils-merge "1.0.1"
      vary "~1.1.2"
  
  external-editor@^3.0.3:
    version "3.1.0"
    resolved "https://registry.yarnpkg.com/external-editor/-/external-editor-3.1.0.tgz#cb03f740befae03ea4d283caed2741a83f335495"
    integrity sha512-hMQ4CX1p1izmuLYyZqLMO/qGNw10wSv9QDCPfzXfyFrOaCSSoRfqE1Kf1s5an66J5JZC62NewG+mK49jOCtQew==
    dependencies:
      chardet "^0.7.0"
      iconv-lite "^0.4.24"
      tmp "^0.0.33"
  
  fast-deep-equal@^3.1.3:
    version "3.1.3"
    resolved "https://registry.yarnpkg.com/fast-deep-equal/-/fast-deep-equal-3.1.3.tgz#3a7d56b559d6cbc3eb512325244e619a65c6c525"
    integrity sha512-f3qQ9oQy9j2AhBe/H9VC91wLmKBCCU/gDOnKNAYG5hswO7BLKj09Hc5HYNz9cGI++xlpDCIgDaitVs03ATR84Q==
  
  fast-uri@^3.0.1:
    version "3.0.6"
    resolved "https://registry.yarnpkg.com/fast-uri/-/fast-uri-3.0.6.tgz#88f130b77cfaea2378d56bf970dea21257a68748"
    integrity sha512-Atfo14OibSv5wAp4VWNsFYE1AchQRTv9cBGWET4pZWHzYshFSS9NQI6I57rdKn9croWVMbYFbLhJ+yJvmZIIHw==
  
  figures@^3.0.0:
    version "3.2.0"
    resolved "https://registry.yarnpkg.com/figures/-/figures-3.2.0.tgz#625c18bd293c604dc4a8ddb2febf0c88341746af"
    integrity sha512-yaduQFRKLXYOGgEn6AZau90j3ggSOyiqXU0F9JZfeXYhNa+Jk4X+s45A2zg5jns87GAFa34BBm2kXw4XpNcbdg==
    dependencies:
      escape-string-regexp "^1.0.5"
  
  fill-range@^7.1.1:
    version "7.1.1"
    resolved "https://registry.yarnpkg.com/fill-range/-/fill-range-7.1.1.tgz#44265d3cac07e3ea7dc247516380643754a05292"
    integrity sha512-YsGpe3WHLK8ZYi4tWDg2Jy3ebRz2rXowDxnld4bkQB00cc/1Zw9AWnC0i9ztDJitivtQvaI9KaLyKrc+hBW0yg==
    dependencies:
      to-regex-range "^5.0.1"
  
  finalhandler@1.3.1:
    version "1.3.1"
    resolved "https://registry.yarnpkg.com/finalhandler/-/finalhandler-1.3.1.tgz#0c575f1d1d324ddd1da35ad7ece3df7d19088019"
    integrity sha512-6BN9trH7bp3qvnrRyzsBz+g3lZxTNZTbVO2EV1CS0WIcDbawYVdYvGflME/9QP0h0pYlCDBCTjYa9nZzMDpyxQ==
    dependencies:
      debug "2.6.9"
      encodeurl "~2.0.0"
      escape-html "~1.0.3"
      on-finished "2.4.1"
      parseurl "~1.3.3"
      statuses "2.0.1"
      unpipe "~1.0.0"
  
  find-node-modules@^2.1.2:
    version "2.1.3"
    resolved "https://registry.yarnpkg.com/find-node-modules/-/find-node-modules-2.1.3.tgz#3c976cff2ca29ee94b4f9eafc613987fc4c0ee44"
    integrity sha512-UC2I2+nx1ZuOBclWVNdcnbDR5dlrOdVb7xNjmT/lHE+LsgztWks3dG7boJ37yTS/venXw84B/mAW9uHVoC5QRg==
    dependencies:
      findup-sync "^4.0.0"
      merge "^2.1.1"
  
  find-root@1.1.0:
    version "1.1.0"
    resolved "https://registry.yarnpkg.com/find-root/-/find-root-1.1.0.tgz#abcfc8ba76f708c42a97b3d685b7e9450bfb9ce4"
    integrity sha512-NKfW6bec6GfKc0SGx1e07QZY9PE99u0Bft/0rzSD5k3sO/vwkVUpDUKVm5Gpp5Ue3YfShPFTX2070tDs5kB9Ng==
  
  findup-sync@^4.0.0:
    version "4.0.0"
    resolved "https://registry.yarnpkg.com/findup-sync/-/findup-sync-4.0.0.tgz#956c9cdde804052b881b428512905c4a5f2cdef0"
    integrity sha512-6jvvn/12IC4quLBL1KNokxC7wWTvYncaVUYSoxWw7YykPLuRrnv4qdHcSOywOI5RpkOVGeQRtWM8/q+G6W6qfQ==
    dependencies:
      detect-file "^1.0.0"
      is-glob "^4.0.0"
      micromatch "^4.0.2"
      resolve-dir "^1.0.1"
  
  foreground-child@^3.1.0:
    version "3.3.1"
    resolved "https://registry.yarnpkg.com/foreground-child/-/foreground-child-3.3.1.tgz#32e8e9ed1b68a3497befb9ac2b6adf92a638576f"
    integrity sha512-gIXjKqtFuWEgzFRJA9WCQeSJLZDjgJUOMCMzxtvFq/37KojM1BFGufqsCy0r4qSQmYLsZYMeyRqzIWOMup03sw==
    dependencies:
      cross-spawn "^7.0.6"
      signal-exit "^4.0.1"
  
  forwarded@0.2.0:
    version "0.2.0"
    resolved "https://registry.yarnpkg.com/forwarded/-/forwarded-0.2.0.tgz#2269936428aad4c15c7ebe9779a84bf0b2a81811"
    integrity sha512-buRG0fpBtRHSTCOASe6hD258tEubFoRLb4ZNA6NxMVHNw2gOcwHo9wyablzMzOA5z9xA9L1KNjk/Nt6MT9aYow==
  
  fresh@0.5.2:
    version "0.5.2"
    resolved "https://registry.yarnpkg.com/fresh/-/fresh-0.5.2.tgz#3d8cadd90d976569fa835ab1f8e4b23a105605a7"
    integrity sha512-zJ2mQYM18rEFOudeV4GShTGIQ7RbzA7ozbU9I/XBpm7kqgMywgmylMwXHxZJmkVoYkna9d2pVXVXPdYTP9ej8Q==
  
  fs-extra@9.1.0:
    version "9.1.0"
    resolved "https://registry.yarnpkg.com/fs-extra/-/fs-extra-9.1.0.tgz#5954460c764a8da2094ba3554bf839e6b9a7c86d"
    integrity sha512-hcg3ZmepS30/7BSFqRvoo3DOMQu7IjqxO5nCDt+zM9XWjb33Wg7ziNT+Qvqbuc3+gWpzO02JubVyk2G4Zvo1OQ==
    dependencies:
      at-least-node "^1.0.0"
      graceful-fs "^4.2.0"
      jsonfile "^6.0.1"
      universalify "^2.0.0"
  
  fs-minipass@^2.0.0:
    version "2.1.0"
    resolved "https://registry.yarnpkg.com/fs-minipass/-/fs-minipass-2.1.0.tgz#7f5036fdbf12c63c169190cbe4199c852271f9fb"
    integrity sha512-V/JgOLFCS+R6Vcq0slCuaeWEdNC3ouDlJMNIsacH2VtALiu9mV4LPrHc5cDl8k5aw6J8jwgWWpiTo5RYhmIzvg==
    dependencies:
      minipass "^3.0.0"
  
  fs.realpath@^1.0.0:
    version "1.0.0"
    resolved "https://registry.yarnpkg.com/fs.realpath/-/fs.realpath-1.0.0.tgz#1504ad2523158caa40db4a2787cb01411994ea4f"
    integrity sha512-OO0pH2lK6a0hZnAdau5ItzHPI6pUlvI7jMVnxUQRtw4owF2wk8lOSabtGDCTP4Ggrg2MbGnWO9X8K1t4+fGMDw==
  
  fsevents@~2.3.2:
    version "2.3.3"
    resolved "https://registry.yarnpkg.com/fsevents/-/fsevents-2.3.3.tgz#cac6407785d03675a2a5e1a5305c697b347d90d6"
    integrity sha512-5xoDfX+fL7faATnagmWPpbFtwh/R77WmMMqqHGS65C3vvB0YHrgF+B1YmZ3441tMj5n63k0212XNoJwzlhffQw==
  
  function-bind@^1.1.2:
    version "1.1.2"
    resolved "https://registry.yarnpkg.com/function-bind/-/function-bind-1.1.2.tgz#2c02d864d97f3ea6c8830c464cbd11ab6eab7a1c"
    integrity sha512-7XHNxH7qX9xG5mIwxkhumTox/MIRNcOgDrxWsMt2pAr23WHp6MrRlN7FBSFpCpr+oVO0F744iUgR82nJMfG2SA==
  
  gauge@^3.0.0:
    version "3.0.2"
    resolved "https://registry.yarnpkg.com/gauge/-/gauge-3.0.2.tgz#03bf4441c044383908bcfa0656ad91803259b395"
    integrity sha512-+5J6MS/5XksCuXq++uFRsnUd7Ovu1XenbeuIuNRJxYWjgQbPuFhT14lAvsWfqfAmnwluf1OwMjz39HjfLPci0Q==
    dependencies:
      aproba "^1.0.3 || ^2.0.0"
      color-support "^1.1.2"
      console-control-strings "^1.0.0"
      has-unicode "^2.0.1"
      object-assign "^4.1.1"
      signal-exit "^3.0.0"
      string-width "^4.2.3"
      strip-ansi "^6.0.1"
      wide-align "^1.1.2"
  
  get-caller-file@^2.0.5:
    version "2.0.5"
    resolved "https://registry.yarnpkg.com/get-caller-file/-/get-caller-file-2.0.5.tgz#4f94412a82db32f36e3b0b9741f8a97feb031f7e"
    integrity sha512-DyFP3BM/3YHTQOCUL/w0OZHR0lpKeGrxotcHWcqNEdnltqFwXVfhEBQ94eIo34AfQpo0rGki4cyIiftY06h2Fg==
  
  get-intrinsic@^1.2.5, get-intrinsic@^1.2.6:
    version "1.3.0"
    resolved "https://registry.yarnpkg.com/get-intrinsic/-/get-intrinsic-1.3.0.tgz#743f0e3b6964a93a5491ed1bffaae054d7f98d01"
    integrity sha512-9fSjSaos/fRIVIp+xSJlE6lfwhES7LNtKaCBIamHsjr2na1BiABJPo0mOjjz8GJDURarmCPGqaiVg5mfjb98CQ==
    dependencies:
      call-bind-apply-helpers "^1.0.2"
      es-define-property "^1.0.1"
      es-errors "^1.3.0"
      es-object-atoms "^1.1.1"
      function-bind "^1.1.2"
      get-proto "^1.0.1"
      gopd "^1.2.0"
      has-symbols "^1.1.0"
      hasown "^2.0.2"
      math-intrinsics "^1.1.0"
  
  get-proto@^1.0.1:
    version "1.0.1"
    resolved "https://registry.yarnpkg.com/get-proto/-/get-proto-1.0.1.tgz#150b3f2743869ef3e851ec0c49d15b1d14d00ee1"
    integrity sha512-sTSfBjoXBp89JvIKIefqw7U2CCebsc74kiY6awiGogKtoSGbgjYE/G/+l9sF3MWFPNc9IcoOC4ODfKHfxFmp0g==
    dependencies:
      dunder-proto "^1.0.1"
      es-object-atoms "^1.0.0"
  
  glob-parent@~5.1.2:
    version "5.1.2"
    resolved "https://registry.yarnpkg.com/glob-parent/-/glob-parent-5.1.2.tgz#869832c58034fe68a4093c17dc15e8340d8401c4"
    integrity sha512-AOIgSQCepiJYwP3ARnGx+5VnTu2HBYdzbGP45eLw1vr3zB3vZLeyed1sC9hnbcOc9/SrMyM5RPQrkGz4aS9Zow==
    dependencies:
      is-glob "^4.0.1"
  
  glob@7.1.6:
    version "7.1.6"
    resolved "https://registry.yarnpkg.com/glob/-/glob-7.1.6.tgz#141f33b81a7c2492e125594307480c46679278a6"
    integrity sha512-LwaxwyZ72Lk7vZINtNNrywX0ZuLyStrdDtabefZKAY5ZGJhVtgdznluResxNmPitE0SAO+O26sWTHeKSI2wMBA==
    dependencies:
      fs.realpath "^1.0.0"
      inflight "^1.0.4"
      inherits "2"
      minimatch "^3.0.4"
      once "^1.3.0"
      path-is-absolute "^1.0.0"
  
  glob@7.2.3, glob@^7.1.3, glob@^7.1.7:
    version "7.2.3"
    resolved "https://registry.yarnpkg.com/glob/-/glob-7.2.3.tgz#b8df0fb802bbfa8e89bd1d938b4e16578ed44f2b"
    integrity sha512-nFR0zLpU2YCaRxwoCJvL6UvCH2JFyFVIvwTLsIf21AuHlMskA1hhTdk+LlYJtOlYt9v6dvszD2BGRqBL+iQK9Q==
    dependencies:
      fs.realpath "^1.0.0"
      inflight "^1.0.4"
      inherits "2"
      minimatch "^3.1.1"
      once "^1.3.0"
      path-is-absolute "^1.0.0"
  
  glob@^10.3.10:
    version "10.4.5"
    resolved "https://registry.yarnpkg.com/glob/-/glob-10.4.5.tgz#f4d9f0b90ffdbab09c9d77f5f29b4262517b0956"
    integrity sha512-7Bv8RF0k6xjo7d4A/PxYLbUCfb6c+Vpd2/mB2yRDlew7Jb5hEXiCD9ibfO7wpk8i4sevK6DFny9h7EYbM3/sHg==
    dependencies:
      foreground-child "^3.1.0"
      jackspeak "^3.1.2"
      minimatch "^9.0.4"
      minipass "^7.1.2"
      package-json-from-dist "^1.0.0"
      path-scurry "^1.11.1"
  
  global-directory@^4.0.1:
    version "4.0.1"
    resolved "https://registry.yarnpkg.com/global-directory/-/global-directory-4.0.1.tgz#4d7ac7cfd2cb73f304c53b8810891748df5e361e"
    integrity sha512-wHTUcDUoZ1H5/0iVqEudYW4/kAlN5cZ3j/bXn0Dpbizl9iaUVeWSHqiOjsgk6OW2bkLclbBjzewBz6weQ1zA2Q==
    dependencies:
      ini "4.1.1"
  
  global-modules@^1.0.0:
    version "1.0.0"
    resolved "https://registry.yarnpkg.com/global-modules/-/global-modules-1.0.0.tgz#6d770f0eb523ac78164d72b5e71a8877265cc3ea"
    integrity sha512-sKzpEkf11GpOFuw0Zzjzmt4B4UZwjOcG757PPvrfhxcLFbq0wpsgpOqxpxtxFiCG4DtG93M6XRVbF2oGdev7bg==
    dependencies:
      global-prefix "^1.0.1"
      is-windows "^1.0.1"
      resolve-dir "^1.0.0"
  
  global-prefix@^1.0.1:
    version "1.0.2"
    resolved "https://registry.yarnpkg.com/global-prefix/-/global-prefix-1.0.2.tgz#dbf743c6c14992593c655568cb66ed32c0122ebe"
    integrity sha512-5lsx1NUDHtSjfg0eHlmYvZKv8/nVqX4ckFbM+FrGcQ+04KWcWFo9P5MxPZYSzUvyzmdTbI7Eix8Q4IbELDqzKg==
    dependencies:
      expand-tilde "^2.0.2"
      homedir-polyfill "^1.0.1"
      ini "^1.3.4"
      is-windows "^1.0.1"
      which "^1.2.14"
  
  gopd@^1.2.0:
    version "1.2.0"
    resolved "https://registry.yarnpkg.com/gopd/-/gopd-1.2.0.tgz#89f56b8217bdbc8802bd299df6d7f1081d7e51a1"
    integrity sha512-ZUKRh6/kUFoAiTAtTYPZJ3hw9wNxx+BIBOijnlG9PnrJsCcSjs1wyyD6vJpaYtgnzDrKYRSqf3OO6Rfa93xsRg==
  
  graceful-fs@^4.1.6, graceful-fs@^4.2.0:
    version "4.2.11"
    resolved "https://registry.yarnpkg.com/graceful-fs/-/graceful-fs-4.2.11.tgz#4183e4e8bf08bb6e05bbb2f7d2e0c8f712ca40e3"
    integrity sha512-RbJ5/jmFcNNCcDV5o9eTnBLJ/HszWV0P73bc+Ff4nS/rJj+YaS6IGyiOL0VoBYX+l1Wrl3k63h/KrH+nhJ0XvQ==
  
  has-flag@^3.0.0:
    version "3.0.0"
    resolved "https://registry.yarnpkg.com/has-flag/-/has-flag-3.0.0.tgz#b5d454dc2199ae225699f3467e5a07f3b955bafd"
    integrity sha512-sKJf1+ceQBr4SMkvQnBDNDtf4TXpVhVGateu0t918bl30FnbE2m4vNLX+VWe/dpjlb+HugGYzW7uQXH98HPEYw==
  
  has-flag@^4.0.0:
    version "4.0.0"
    resolved "https://registry.yarnpkg.com/has-flag/-/has-flag-4.0.0.tgz#944771fd9c81c81265c4d6941860da06bb59479b"
    integrity sha512-EykJT/Q1KjTWctppgIAgfSO0tKVuZUjhgMr17kqTumMl6Afv3EISleU7qZUzoXDFTAHTDC4NOoG/ZxU3EvlMPQ==
  
  has-symbols@^1.1.0:
    version "1.1.0"
    resolved "https://registry.yarnpkg.com/has-symbols/-/has-symbols-1.1.0.tgz#fc9c6a783a084951d0b971fe1018de813707a338"
    integrity sha512-1cDNdwJ2Jaohmb3sg4OmKaMBwuC48sYni5HUw2DvsC8LjGTLK9h+eb1X6RyuOHe4hT0ULCW68iomhjUoKUqlPQ==
  
  has-unicode@^2.0.1:
    version "2.0.1"
    resolved "https://registry.yarnpkg.com/has-unicode/-/has-unicode-2.0.1.tgz#e0e6fe6a28cf51138855e086d1691e771de2a8b9"
    integrity sha512-8Rf9Y83NBReMnx0gFzA8JImQACstCYWUplepDa9xprwwtmgEZUF0h/i5xSA625zB/I37EtrswSST6OXxwaaIJQ==
  
  hasown@^2.0.2:
    version "2.0.2"
    resolved "https://registry.yarnpkg.com/hasown/-/hasown-2.0.2.tgz#003eaf91be7adc372e84ec59dc37252cedb80003"
    integrity sha512-0hJU9SCPvmMzIBdZFqNPXWa6dqh7WdH0cII9y+CyS8rG3nL48Bclra9HmKhVVUHyPWNH5Y7xDwAB7bfgSjkUMQ==
    dependencies:
      function-bind "^1.1.2"
  
  highlight.js@^10.7.1:
    version "10.7.3"
    resolved "https://registry.yarnpkg.com/highlight.js/-/highlight.js-10.7.3.tgz#697272e3991356e40c3cac566a74eef681756531"
    integrity sha512-tzcUFauisWKNHaRkN4Wjl/ZA07gENAjFl3J/c480dprkGTg5EQstgaNFqBfUqCq54kZRIEcreTsAgF/m2quD7A==
  
  homedir-polyfill@^1.0.1:
    version "1.0.3"
    resolved "https://registry.yarnpkg.com/homedir-polyfill/-/homedir-polyfill-1.0.3.tgz#743298cef4e5af3e194161fbadcc2151d3a058e8"
    integrity sha512-eSmmWE5bZTK2Nou4g0AI3zZ9rswp7GRKoKXS1BLUkvPviOqs4YTN1djQIqrXy9k5gEtdLPy86JjRwsNM9tnDcA==
    dependencies:
      parse-passwd "^1.0.0"
  
  http-errors@2.0.0:
    version "2.0.0"
    resolved "https://registry.yarnpkg.com/http-errors/-/http-errors-2.0.0.tgz#b7774a1486ef73cf7667ac9ae0858c012c57b9d3"
    integrity sha512-FtwrG/euBzaEjYeRqOgly7G0qviiXoJWnvEH2Z1plBdXgbyjv34pHTSb9zoeHMyDy33+DWy5Wt9Wo+TURtOYSQ==
    dependencies:
      depd "2.0.0"
      inherits "2.0.4"
      setprototypeof "1.2.0"
      statuses "2.0.1"
      toidentifier "1.0.1"
  
  https-proxy-agent@^5.0.0:
    version "5.0.1"
    resolved "https://registry.yarnpkg.com/https-proxy-agent/-/https-proxy-agent-5.0.1.tgz#c59ef224a04fe8b754f3db0063a25ea30d0005d6"
    integrity sha512-dFcAjpTQFgoLMzC2VwU+C/CbS7uRL0lWmxDITmqm7C+7F0Odmj6s9l6alZc6AELXhrnggM2CeWSXHGOdX2YtwA==
    dependencies:
      agent-base "6"
      debug "4"
  
  iconv-lite@0.4.24, iconv-lite@^0.4.24:
    version "0.4.24"
    resolved "https://registry.yarnpkg.com/iconv-lite/-/iconv-lite-0.4.24.tgz#2022b4b25fbddc21d2f524974a474aafe733908b"
    integrity sha512-v3MXnZAcvnywkTUEZomIActle7RXXeedOR31wwl7VlyoXO4Qi9arvSenNQWne1TcRwhCL1HwLI21bEqdpj8/rA==
    dependencies:
      safer-buffer ">= 2.1.2 < 3"
  
  ieee754@^1.1.13, ieee754@^1.2.1:
    version "1.2.1"
    resolved "https://registry.yarnpkg.com/ieee754/-/ieee754-1.2.1.tgz#8eb7a10a63fff25d15a57b001586d177d1b0d352"
    integrity sha512-dcyqhDvX1C46lXZcVqCpK+FtMRQVdIMN6/Df5js2zouUsqG7I6sFxitIC+7KYK29KdXOLHdu9zL4sFnoVQnqaA==
  
  ignore-by-default@^1.0.1:
    version "1.0.1"
    resolved "https://registry.yarnpkg.com/ignore-by-default/-/ignore-by-default-1.0.1.tgz#48ca6d72f6c6a3af00a9ad4ae6876be3889e2b09"
    integrity sha512-Ius2VYcGNk7T90CppJqcIkS5ooHUZyIQK+ClZfMfMNFEF9VSE73Fq+906u/CWu92x4gzZMWOwfFYckPObzdEbA==
  
  import-fresh@^3.3.0:
    version "3.3.1"
    resolved "https://registry.yarnpkg.com/import-fresh/-/import-fresh-3.3.1.tgz#9cecb56503c0ada1f2741dbbd6546e4b13b57ccf"
    integrity sha512-TR3KfrTZTYLPB6jUjfx6MF9WcWrHL9su5TObK4ZkYgBdWKPOFoSoQIdEuTuR82pmtxH2spWG9h6etwfr1pLBqQ==
    dependencies:
      parent-module "^1.0.0"
      resolve-from "^4.0.0"
  
  import-meta-resolve@^4.0.0:
    version "4.1.0"
    resolved "https://registry.yarnpkg.com/import-meta-resolve/-/import-meta-resolve-4.1.0.tgz#f9db8bead9fafa61adb811db77a2bf22c5399706"
    integrity sha512-I6fiaX09Xivtk+THaMfAwnA3MVA5Big1WHF1Dfx9hFuvNIWpXnorlkzhcQf6ehrqQiiZECRt1poOAkPmer3ruw==
  
  inflight@^1.0.4:
    version "1.0.6"
    resolved "https://registry.yarnpkg.com/inflight/-/inflight-1.0.6.tgz#49bd6331d7d02d0c09bc910a1075ba8165b56df9"
    integrity sha512-k92I/b08q4wvFscXCLvqfsHCrjrF7yiXsQuIVvVE7N82W3+aqpzuUdBbfhWcy/FZR3/4IgflMgKLOsvPDrGCJA==
    dependencies:
      once "^1.3.0"
      wrappy "1"
  
  inherits@2, inherits@2.0.4, inherits@^2.0.1, inherits@^2.0.3, inherits@^2.0.4:
    version "2.0.4"
    resolved "https://registry.yarnpkg.com/inherits/-/inherits-2.0.4.tgz#0fa2c64f932917c3433a0ded55363aae37416b7c"
    integrity sha512-k/vGaX4/Yla3WzyMCvTQOXYeIHvqOKtnqBduzTHpzpQZzAskKMhZ2K+EnBiSM9zGSoIFeMpXKxa4dYeZIQqewQ==
  
  ini@4.1.1:
    version "4.1.1"
    resolved "https://registry.yarnpkg.com/ini/-/ini-4.1.1.tgz#d95b3d843b1e906e56d6747d5447904ff50ce7a1"
    integrity sha512-QQnnxNyfvmHFIsj7gkPcYymR8Jdw/o7mp5ZFihxn6h8Ci6fh3Dx4E1gPjpQEpIuPo9XVNY/ZUwh4BPMjGyL01g==
  
  ini@^1.3.4:
    version "1.3.8"
    resolved "https://registry.yarnpkg.com/ini/-/ini-1.3.8.tgz#a29da425b48806f34767a4efce397269af28432c"
    integrity sha512-JV/yugV2uzW5iMRSiZAyDtQd+nxtUnjeLt0acNdw98kKLrvuRVyB80tsREOE7yvGVgalhZ6RNXCmEHkUKBKxew==
  
  inquirer@8.2.5:
    version "8.2.5"
    resolved "https://registry.yarnpkg.com/inquirer/-/inquirer-8.2.5.tgz#d8654a7542c35a9b9e069d27e2df4858784d54f8"
    integrity sha512-QAgPDQMEgrDssk1XiwwHoOGYF9BAbUcc1+j+FhEvaOt8/cKRqyLn0U5qA6F74fGhTMGxf92pOvPBeh29jQJDTQ==
    dependencies:
      ansi-escapes "^4.2.1"
      chalk "^4.1.1"
      cli-cursor "^3.1.0"
      cli-width "^3.0.0"
      external-editor "^3.0.3"
      figures "^3.0.0"
      lodash "^4.17.21"
      mute-stream "0.0.8"
      ora "^5.4.1"
      run-async "^2.4.0"
      rxjs "^7.5.5"
      string-width "^4.1.0"
      strip-ansi "^6.0.0"
      through "^2.3.6"
      wrap-ansi "^7.0.0"
  
  ipaddr.js@1.9.1:
    version "1.9.1"
    resolved "https://registry.yarnpkg.com/ipaddr.js/-/ipaddr.js-1.9.1.tgz#bff38543eeb8984825079ff3a2a8e6cbd46781b3"
    integrity sha512-0KI/607xoxSToH7GjN1FfSbLoU0+btTicjsQSWQlh/hZykN8KpmMf7uYwPW3R+akZ6R/w18ZlXSHBYXiYUPO3g==
  
  is-arrayish@^0.2.1:
    version "0.2.1"
    resolved "https://registry.yarnpkg.com/is-arrayish/-/is-arrayish-0.2.1.tgz#77c99840527aa8ecb1a8ba697b80645a7a926a9d"
    integrity sha512-zz06S8t0ozoDXMG+ube26zeCTNXcKIPJZJi8hBrF4idCLms4CG9QtK7qBl1boi5ODzFpjswb5JPmHCbMpjaYzg==
  
  is-binary-path@~2.1.0:
    version "2.1.0"
    resolved "https://registry.yarnpkg.com/is-binary-path/-/is-binary-path-2.1.0.tgz#ea1f7f3b80f064236e83470f86c09c254fb45b09"
    integrity sha512-ZMERYes6pDydyuGidse7OsHxtbI7WVeUEozgR/g7rd0xUimYNlvZRE/K2MgZTjWy725IfelLeVcEM97mmtRGXw==
    dependencies:
      binary-extensions "^2.0.0"
  
  is-extglob@^2.1.1:
    version "2.1.1"
    resolved "https://registry.yarnpkg.com/is-extglob/-/is-extglob-2.1.1.tgz#a88c02535791f02ed37c76a1b9ea9773c833f8c2"
    integrity sha512-SbKbANkN603Vi4jEZv49LeVJMn4yGwsbzZworEoyEiutsN3nJYdbO36zfhGJ6QEDpOZIFkDtnq5JRxmvl3jsoQ==
  
  is-fullwidth-code-point@^3.0.0:
    version "3.0.0"
    resolved "https://registry.yarnpkg.com/is-fullwidth-code-point/-/is-fullwidth-code-point-3.0.0.tgz#f116f8064fe90b3f7844a38997c0b75051269f1d"
    integrity sha512-zymm5+u+sCsSWyD9qNaejV3DFvhCKclKdizYaJUuHA83RLjb7nSuGnddCHGv0hk+KY7BMAlsWeK4Ueg6EV6XQg==
  
  is-glob@^4.0.0, is-glob@^4.0.1, is-glob@~4.0.1:
    version "4.0.3"
    resolved "https://registry.yarnpkg.com/is-glob/-/is-glob-4.0.3.tgz#64f61e42cbbb2eec2071a9dac0b28ba1e65d5084"
    integrity sha512-xelSayHH36ZgE7ZWhli7pW34hNbNl8Ojv5KVmkJD4hBdD3th8Tfk9vYasLM+mXWOZhFkgZfxhLSnrwRr4elSSg==
    dependencies:
      is-extglob "^2.1.1"
  
  is-interactive@^1.0.0:
    version "1.0.0"
    resolved "https://registry.yarnpkg.com/is-interactive/-/is-interactive-1.0.0.tgz#cea6e6ae5c870a7b0a0004070b7b587e0252912e"
    integrity sha512-2HvIEKRoqS62guEC+qBjpvRubdX910WCMuJTZ+I9yvqKU2/12eSL549HMwtabb4oupdj2sMP50k+XJfB/8JE6w==
  
  is-number@^7.0.0:
    version "7.0.0"
    resolved "https://registry.yarnpkg.com/is-number/-/is-number-7.0.0.tgz#7535345b896734d5f80c4d06c50955527a14f12b"
    integrity sha512-41Cifkg6e8TylSpdtTpeLVMqvSBEVzTttHvERD741+pnZ8ANv0004MRL43QKPDlK9cGvNp6NZWZUBlbGXYxxng==
  
  is-unicode-supported@^0.1.0:
    version "0.1.0"
    resolved "https://registry.yarnpkg.com/is-unicode-supported/-/is-unicode-supported-0.1.0.tgz#3f26c76a809593b52bfa2ecb5710ed2779b522a7"
    integrity sha512-knxG2q4UC3u8stRGyAVJCOdxFmv5DZiRcdlIaAQXAbSfJya+OhopNotLQrstBhququ4ZpuKbDc/8S6mgXgPFPw==
  
  is-utf8@^0.2.1:
    version "0.2.1"
    resolved "https://registry.yarnpkg.com/is-utf8/-/is-utf8-0.2.1.tgz#4b0da1442104d1b336340e80797e865cf39f7d72"
    integrity sha512-rMYPYvCzsXywIsldgLaSoPlw5PfoB/ssr7hY4pLfcodrA5M/eArza1a9VmTiNIBNMjOGr1Ow9mTyU2o69U6U9Q==
  
  is-windows@^1.0.1:
    version "1.0.2"
    resolved "https://registry.yarnpkg.com/is-windows/-/is-windows-1.0.2.tgz#d1850eb9791ecd18e6182ce12a30f396634bb19d"
    integrity sha512-eXK1UInq2bPmjyX6e3VHIzMLobc4J94i4AWn+Hpq3OU5KkrRC96OAcR3PRJ/pGu6m8TRnBHP9dkXQVsT/COVIA==
  
  isexe@^2.0.0:
    version "2.0.0"
    resolved "https://registry.yarnpkg.com/isexe/-/isexe-2.0.0.tgz#e8fbf374dc556ff8947a10dcb0572d633f2cfa10"
    integrity sha512-RHxMLp9lnKHGHRng9QFhRCMbYAcVpn69smSGcq3f36xjgVVWThj4qqLbTLlq7Ssj8B+fIQ1EuCEGI2lKsyQeIw==
  
  jackspeak@^3.1.2:
    version "3.4.3"
    resolved "https://registry.yarnpkg.com/jackspeak/-/jackspeak-3.4.3.tgz#8833a9d89ab4acde6188942bd1c53b6390ed5a8a"
    integrity sha512-OGlZQpz2yfahA/Rd1Y8Cd9SIEsqvXkLVoSw/cgwhnhFMDbsQFeZYoJJ7bIZBS9BcamUW96asq/npPWugM+RQBw==
    dependencies:
      "@isaacs/cliui" "^8.0.2"
    optionalDependencies:
      "@pkgjs/parseargs" "^0.11.0"
  
  jiti@^2.4.1:
    version "2.4.2"
    resolved "https://registry.yarnpkg.com/jiti/-/jiti-2.4.2.tgz#d19b7732ebb6116b06e2038da74a55366faef560"
    integrity sha512-rg9zJN+G4n2nfJl5MW3BMygZX56zKPNVEYYqq7adpmMh4Jn2QNEwhvQlFy6jPVdcod7txZtKHWnyZiA3a0zP7A==
  
  js-tokens@^4.0.0:
    version "4.0.0"
    resolved "https://registry.yarnpkg.com/js-tokens/-/js-tokens-4.0.0.tgz#19203fb59991df98e3a287050d4647cdeaf32499"
    integrity sha512-RdJUflcE3cUzKiMqQgsCu06FPu9UdIJO0beYbPhHN4k6apgJtifcoCtT9bcxOpYBtpD2kCM6Sbzg4CausW/PKQ==
  
  js-yaml@^4.1.0:
    version "4.1.0"
    resolved "https://registry.yarnpkg.com/js-yaml/-/js-yaml-4.1.0.tgz#c1fb65f8f5017901cdd2c951864ba18458a10602"
    integrity sha512-wpxZs9NoxZaJESJGIZTyDEaYpl0FKSA+FB9aJiyemKhMwkxQg63h4T1KJgUGHpTqPDNRcmmYLugrRjJlBtWvRA==
    dependencies:
      argparse "^2.0.1"
  
  json-parse-even-better-errors@^2.3.0:
    version "2.3.1"
    resolved "https://registry.yarnpkg.com/json-parse-even-better-errors/-/json-parse-even-better-errors-2.3.1.tgz#7c47805a94319928e05777405dc12e1f7a4ee02d"
    integrity sha512-xyFwyhro/JEof6Ghe2iz2NcXoj2sloNsWr/XsERDK/oiPCfaNhl5ONfp+jQdAZRQQ0IJWNzH9zIZF7li91kh2w==
  
  json-schema-traverse@^1.0.0:
    version "1.0.0"
    resolved "https://registry.yarnpkg.com/json-schema-traverse/-/json-schema-traverse-1.0.0.tgz#ae7bcb3656ab77a73ba5c49bf654f38e6b6860e2"
    integrity sha512-NM8/P9n3XjXhIZn1lLhkFaACTOURQXjWhV4BA/RnOv8xvgqtqpAX9IO4mRQxSx1Rlo4tqzeqb0sOlruaOy3dug==
  
  json5@^2.2.3:
    version "2.2.3"
    resolved "https://registry.yarnpkg.com/json5/-/json5-2.2.3.tgz#78cd6f1a19bdc12b73db5ad0c61efd66c1e29283"
    integrity sha512-XmOWe7eyHYH14cLdVPoyg+GOH3rYX++KpzrylJwSW98t3Nk+U8XOl8FWKOgwtzdb8lXGf6zYwDUzeHMWfxasyg==
  
  jsonfile@^6.0.1:
    version "6.1.0"
    resolved "https://registry.yarnpkg.com/jsonfile/-/jsonfile-6.1.0.tgz#bc55b2634793c679ec6403094eb13698a6ec0aae"
    integrity sha512-5dgndWOriYSm5cnYaJNhalLNDKOqFwyDB/rr1E9ZsGciGvKPs8R2xYGCacuf3z6K1YKDz182fd+fY3cn3pMqXQ==
    dependencies:
      universalify "^2.0.0"
    optionalDependencies:
      graceful-fs "^4.1.6"
  
  jsonwebtoken@^9.0.2:
    version "9.0.2"
    resolved "https://registry.yarnpkg.com/jsonwebtoken/-/jsonwebtoken-9.0.2.tgz#65ff91f4abef1784697d40952bb1998c504caaf3"
    integrity sha512-PRp66vJ865SSqOlgqS8hujT5U4AOgMfhrwYIuIhfKaoSCZcirrmASQr8CX7cUg+RMih+hgznrjp99o+W4pJLHQ==
    dependencies:
      jws "^3.2.2"
      lodash.includes "^4.3.0"
      lodash.isboolean "^3.0.3"
      lodash.isinteger "^4.0.4"
      lodash.isnumber "^3.0.3"
      lodash.isplainobject "^4.0.6"
      lodash.isstring "^4.0.1"
      lodash.once "^4.0.0"
      ms "^2.1.1"
      semver "^7.5.4"
  
  jwa@^1.4.1:
    version "1.4.1"
    resolved "https://registry.yarnpkg.com/jwa/-/jwa-1.4.1.tgz#743c32985cb9e98655530d53641b66c8645b039a"
    integrity sha512-qiLX/xhEEFKUAJ6FiBMbes3w9ATzyk5W7Hvzpa/SLYdxNtng+gcurvrI7TbACjIXlsJyr05/S1oUhZrc63evQA==
    dependencies:
      buffer-equal-constant-time "1.0.1"
      ecdsa-sig-formatter "1.0.11"
      safe-buffer "^5.0.1"
  
  jws@^3.2.2:
    version "3.2.2"
    resolved "https://registry.yarnpkg.com/jws/-/jws-3.2.2.tgz#001099f3639468c9414000e99995fa52fb478304"
    integrity sha512-YHlZCB6lMTllWDtSPHz/ZXTsi8S00usEV6v1tjq8tOUZzw7DpSDWVXjXDre6ed1w/pd495ODpHZYSdkRTsa0HA==
    dependencies:
      jwa "^1.4.1"
      safe-buffer "^5.0.1"
  
  lines-and-columns@^1.1.6:
    version "1.2.4"
    resolved "https://registry.yarnpkg.com/lines-and-columns/-/lines-and-columns-1.2.4.tgz#eca284f75d2965079309dc0ad9255abb2ebc1632"
    integrity sha512-7ylylesZQ/PV29jhEDl3Ufjo6ZX7gCqJr5F7PKrqc93v7fzSymt1BpwEU8nAUXs8qzzvqhbjhK5QZg6Mt/HkBg==
  
  lodash.get@^4.4.2:
    version "4.4.2"
    resolved "https://registry.yarnpkg.com/lodash.get/-/lodash.get-4.4.2.tgz#2d177f652fa31e939b4438d5341499dfa3825e99"
    integrity sha512-z+Uw/vLuy6gQe8cfaFWD7p0wVv8fJl3mbzXh33RS+0oW2wvUqiRXiQ69gLWSLpgB5/6sU+r6BlQR0MBILadqTQ==
  
  lodash.includes@^4.3.0:
    version "4.3.0"
    resolved "https://registry.yarnpkg.com/lodash.includes/-/lodash.includes-4.3.0.tgz#60bb98a87cb923c68ca1e51325483314849f553f"
    integrity sha512-W3Bx6mdkRTGtlJISOvVD/lbqjTlPPUDTMnlXZFnVwi9NKJ6tiAk6LVdlhZMm17VZisqhKcgzpO5Wz91PCt5b0w==
  
  lodash.isboolean@^3.0.3:
    version "3.0.3"
    resolved "https://registry.yarnpkg.com/lodash.isboolean/-/lodash.isboolean-3.0.3.tgz#6c2e171db2a257cd96802fd43b01b20d5f5870f6"
    integrity sha512-Bz5mupy2SVbPHURB98VAcw+aHh4vRV5IPNhILUCsOzRmsTmSQ17jIuqopAentWoehktxGd9e/hbIXq980/1QJg==
  
  lodash.isequal@^4.5.0:
    version "4.5.0"
    resolved "https://registry.yarnpkg.com/lodash.isequal/-/lodash.isequal-4.5.0.tgz#415c4478f2bcc30120c22ce10ed3226f7d3e18e0"
    integrity sha512-pDo3lu8Jhfjqls6GkMgpahsF9kCyayhgykjyLMNFTKWrpVdAQtYyB4muAMWozBB4ig/dtWAmsMxLEI8wuz+DYQ==
  
  lodash.isinteger@^4.0.4:
    version "4.0.4"
    resolved "https://registry.yarnpkg.com/lodash.isinteger/-/lodash.isinteger-4.0.4.tgz#619c0af3d03f8b04c31f5882840b77b11cd68343"
    integrity sha512-DBwtEWN2caHQ9/imiNeEA5ys1JoRtRfY3d7V9wkqtbycnAmTvRRmbHKDV4a0EYc678/dia0jrte4tjYwVBaZUA==
  
  lodash.isnumber@^3.0.3:
    version "3.0.3"
    resolved "https://registry.yarnpkg.com/lodash.isnumber/-/lodash.isnumber-3.0.3.tgz#3ce76810c5928d03352301ac287317f11c0b1ffc"
    integrity sha512-QYqzpfwO3/CWf3XP+Z+tkQsfaLL/EnUlXWVkIk5FUPc4sBdTehEqZONuyRt2P67PXAk+NXmTBcc97zw9t1FQrw==
  
  lodash.isplainobject@^4.0.6:
    version "4.0.6"
    resolved "https://registry.yarnpkg.com/lodash.isplainobject/-/lodash.isplainobject-4.0.6.tgz#7c526a52d89b45c45cc690b88163be0497f550cb"
    integrity sha512-oSXzaWypCMHkPC3NvBEaPHf0KsA5mvPrOPgQWDsbg8n7orZ290M0BmC/jgRZ4vcJ6DTAhjrsSYgdsW/F+MFOBA==
  
  lodash.isstring@^4.0.1:
    version "4.0.1"
    resolved "https://registry.yarnpkg.com/lodash.isstring/-/lodash.isstring-4.0.1.tgz#d527dfb5456eca7cc9bb95d5daeaf88ba54a5451"
    integrity sha512-0wJxfxH1wgO3GrbuP+dTTk7op+6L41QCXbGINEmD+ny/G/eCqGzxyCsh7159S+mgDDcoarnBw6PC1PS5+wUGgw==
  
  lodash.map@^4.5.1:
    version "4.6.0"
    resolved "https://registry.yarnpkg.com/lodash.map/-/lodash.map-4.6.0.tgz#771ec7839e3473d9c4cde28b19394c3562f4f6d3"
    integrity sha512-worNHGKLDetmcEYDvh2stPCrrQRkP20E4l0iIS7F8EvzMqBBi7ltvFN5m1HvTf1P7Jk1txKhvFcmYsCr8O2F1Q==
  
  lodash.merge@^4.6.2:
    version "4.6.2"
    resolved "https://registry.yarnpkg.com/lodash.merge/-/lodash.merge-4.6.2.tgz#558aa53b43b661e1925a0afdfa36a9a1085fe57a"
    integrity sha512-0KpjqXRVvrYyCsX1swR/XTK0va6VQkQM6MNo7PqW77ByjAhoARA8EfrP1N4+KlKj8YS0ZUCtRT/YUuhyYDujIQ==
  
  lodash.mergewith@^4.6.2:
    version "4.6.2"
    resolved "https://registry.yarnpkg.com/lodash.mergewith/-/lodash.mergewith-4.6.2.tgz#617121f89ac55f59047c7aec1ccd6654c6590f55"
    integrity sha512-GK3g5RPZWTRSeLSpgP8Xhra+pnjBC56q9FZYe1d5RN3TJ35dbkGy3YqBSMbyCrlbi+CM9Z3Jk5yTL7RCsqboyQ==
  
  lodash.once@^4.0.0:
    version "4.1.1"
    resolved "https://registry.yarnpkg.com/lodash.once/-/lodash.once-4.1.1.tgz#0dd3971213c7c56df880977d504c88fb471a97ac"
    integrity sha512-Sb487aTOCr9drQVL8pIxOzVhafOjZN9UU54hiN8PU3uAiSV7lx1yYNpbNmex2PK6dSJoNTSJUUswT651yww3Mg==
  
  lodash.uniq@^4.5.0:
    version "4.5.0"
    resolved "https://registry.yarnpkg.com/lodash.uniq/-/lodash.uniq-4.5.0.tgz#d0225373aeb652adc1bc82e4945339a842754773"
    integrity sha512-xfBaXQd9ryd9dlSDvnvI0lvxfLJlYAZzXomUYzLKtUeOQvOP5piqAWuGtrhWeqaXK9hhoM/iyJc5AV+XfsX3HQ==
  
  lodash@4.17.21, lodash@^4.17.21:
    version "4.17.21"
    resolved "https://registry.yarnpkg.com/lodash/-/lodash-4.17.21.tgz#679591c564c3bffaae8454cf0b3df370c3d6911c"
    integrity sha512-v2kDEe57lecTulaDIuNTPy3Ry4gLGJ6Z1O3vE1krgXZNrsQ+LFTGHVxVjcXPs17LhbZVGedAJv8XZ1tvj5FvSg==
  
  log-symbols@^4.1.0:
    version "4.1.0"
    resolved "https://registry.yarnpkg.com/log-symbols/-/log-symbols-4.1.0.tgz#3fbdbb95b4683ac9fc785111e792e558d4abd503"
    integrity sha512-8XPvpAA8uyhfteu8pIvQxpJZ7SYYdpUivZpGy6sFsBuKRY/7rQGavedeB8aK+Zkyq6upMFVL/9AW6vOYzfRyLg==
    dependencies:
      chalk "^4.1.0"
      is-unicode-supported "^0.1.0"
  
  longest@^2.0.1:
    version "2.0.1"
    resolved "https://registry.yarnpkg.com/longest/-/longest-2.0.1.tgz#781e183296aa94f6d4d916dc335d0d17aefa23f8"
    integrity sha512-Ajzxb8CM6WAnFjgiloPsI3bF+WCxcvhdIG3KNA2KN962+tdBsHcuQ4k4qX/EcS/2CRkcc0iAkR956Nib6aXU/Q==
  
  lru-cache@^10.2.0:
    version "10.4.3"
    resolved "https://registry.yarnpkg.com/lru-cache/-/lru-cache-10.4.3.tgz#410fc8a17b70e598013df257c2446b7f3383f119"
    integrity sha512-JNAzZcXrCt42VGLuYz0zfAzDfAvJWW6AfYlDBQyDV5DClI2m5sAmK+OIO7s59XfsRsWHp02jAJrRadPRGTt6SQ==
  
  make-dir@^3.1.0:
    version "3.1.0"
    resolved "https://registry.yarnpkg.com/make-dir/-/make-dir-3.1.0.tgz#415e967046b3a7f1d185277d84aa58203726a13f"
    integrity sha512-g3FeP20LNwhALb/6Cz6Dd4F2ngze0jz7tbzrD2wAV+o9FeNHe4rL+yK2md0J/fiSf1sa1ADhXqi5+oVwOM/eGw==
    dependencies:
      semver "^6.0.0"
  
  make-error@^1.1.1:
    version "1.3.6"
    resolved "https://registry.yarnpkg.com/make-error/-/make-error-1.3.6.tgz#2eb2e37ea9b67c4891f684a1394799af484cf7a2"
    integrity sha512-s8UhlNe7vPKomQhC1qFelMokr/Sc3AgNbso3n74mVPA5LTZwkB9NlXf4XPamLxJE8h0gh73rM94xvwRT2CVInw==
  
  math-intrinsics@^1.1.0:
    version "1.1.0"
    resolved "https://registry.yarnpkg.com/math-intrinsics/-/math-intrinsics-1.1.0.tgz#a0dd74be81e2aa5c2f27e65ce283605ee4e2b7f9"
    integrity sha512-/IXtbwEk5HTPyEwyKX6hGkYXxM9nbj64B+ilVJnC/R6B0pH5G4V3b0pVbL7DBj4tkhBAppbQUlf6F6Xl9LHu1g==
  
  media-typer@0.3.0:
    version "0.3.0"
    resolved "https://registry.yarnpkg.com/media-typer/-/media-typer-0.3.0.tgz#8710d7af0aa626f8fffa1ce00168545263255748"
    integrity sha512-dq+qelQ9akHpcOl/gUVRTxVIOkAJ1wR3QAvb4RsVjS8oVoFjDGTc679wJYmUmknUF5HwMLOgb5O+a3KxfWapPQ==
  
  memory-cache@^0.2.0:
    version "0.2.0"
    resolved "https://registry.yarnpkg.com/memory-cache/-/memory-cache-0.2.0.tgz#7890b01d52c00c8ebc9d533e1f8eb17e3034871a"
    integrity sha512-OcjA+jzjOYzKmKS6IQVALHLVz+rNTMPoJvCztFaZxwG14wtAW7VRZjwTQu06vKCYOxh4jVnik7ya0SXTB0W+xA==
  
  merge-descriptors@1.0.3:
    version "1.0.3"
    resolved "https://registry.yarnpkg.com/merge-descriptors/-/merge-descriptors-1.0.3.tgz#d80319a65f3c7935351e5cfdac8f9318504dbed5"
    integrity sha512-gaNvAS7TZ897/rVaZ0nMtAyxNyi/pdbjbAwUpFQpN70GqnVfOiXpeUUMKRBmzXaSQ8DdTX4/0ms62r2K+hE6mQ==
  
  merge@^2.1.1:
    version "2.1.1"
    resolved "https://registry.yarnpkg.com/merge/-/merge-2.1.1.tgz#59ef4bf7e0b3e879186436e8481c06a6c162ca98"
    integrity sha512-jz+Cfrg9GWOZbQAnDQ4hlVnQky+341Yk5ru8bZSe6sIDTCIg8n9i/u7hSQGSVOF3C7lH6mGtqjkiT9G4wFLL0w==
  
  methods@~1.1.2:
    version "1.1.2"
    resolved "https://registry.yarnpkg.com/methods/-/methods-1.1.2.tgz#5529a4d67654134edcc5266656835b0f851afcee"
    integrity sha512-iclAHeNqNm68zFtnZ0e+1L2yUIdvzNoauKU4WBA3VvH/vPFieF7qfRlwUZU+DA9P9bPXIS90ulxoUoCH23sV2w==
  
  micromatch@^4.0.2:
    version "4.0.8"
    resolved "https://registry.yarnpkg.com/micromatch/-/micromatch-4.0.8.tgz#d66fa18f3a47076789320b9b1af32bd86d9fa202"
    integrity sha512-PXwfBhYu0hBCPw8Dn0E+WDYb7af3dSLVWKi3HGv84IdF4TyFoC0ysxFd0Goxw7nSv4T/PzEJQxsYsEiFCKo2BA==
    dependencies:
      braces "^3.0.3"
      picomatch "^2.3.1"
  
  mime-db@1.52.0:
    version "1.52.0"
    resolved "https://registry.yarnpkg.com/mime-db/-/mime-db-1.52.0.tgz#bbabcdc02859f4987301c856e3387ce5ec43bf70"
    integrity sha512-sPU4uV7dYlvtWJxwwxHD0PuihVNiE7TyAbQ5SWxDCB9mUYvOgroQOwYQQOKPJ8CIbE+1ETVlOoK1UC2nU3gYvg==
  
  mime-types@~2.1.24, mime-types@~2.1.34:
    version "2.1.35"
    resolved "https://registry.yarnpkg.com/mime-types/-/mime-types-2.1.35.tgz#381a871b62a734450660ae3deee44813f70d959a"
    integrity sha512-ZDY+bPm5zTTF+YpCrAU9nK0UgICYPT0QtT1NZWFv4s++TNkcgVaT0g6+4R2uI4MjQjzysHB1zxuWL50hzaeXiw==
    dependencies:
      mime-db "1.52.0"
  
  mime@1.6.0:
    version "1.6.0"
    resolved "https://registry.yarnpkg.com/mime/-/mime-1.6.0.tgz#32cd9e5c64553bd58d19a568af452acff04981b1"
    integrity sha512-x0Vn8spI+wuJ1O6S7gnbaQg8Pxh4NNHb7KSINmEWKiPE4RKOplvijn+NkmYmmRgP68mc70j2EbeTFRsrswaQeg==
  
  mimic-fn@^2.1.0:
    version "2.1.0"
    resolved "https://registry.yarnpkg.com/mimic-fn/-/mimic-fn-2.1.0.tgz#7ed2c2ccccaf84d3ffcb7a69b57711fc2083401b"
    integrity sha512-OqbOk5oEQeAZ8WXWydlu9HJjz9WVdEIvamMCcXmuqUYjTknH/sqsWvhQ3vgwKFRR1HpjvNBKQ37nbJgYzGqGcg==
  
  minimatch@^3.0.4, minimatch@^3.1.1, minimatch@^3.1.2:
    version "3.1.2"
    resolved "https://registry.yarnpkg.com/minimatch/-/minimatch-3.1.2.tgz#19cd194bfd3e428f049a70817c038d89ab4be35b"
    integrity sha512-J7p63hRiAjw1NDEww1W7i37+ByIrOWO5XQQAzZ3VOcL0PNybwpfmV/N05zFAzwQ9USyEcX6t3UO+K5aqBQOIHw==
    dependencies:
      brace-expansion "^1.1.7"
  
  minimatch@^9.0.4:
    version "9.0.5"
    resolved "https://registry.yarnpkg.com/minimatch/-/minimatch-9.0.5.tgz#d74f9dd6b57d83d8e98cfb82133b03978bc929e5"
    integrity sha512-G6T0ZX48xgozx7587koeX9Ys2NYy6Gmv//P89sEte9V9whIapMNF4idKxnW2QtCcLiTWlb/wfCabAtAFWhhBow==
    dependencies:
      brace-expansion "^2.0.1"
  
  minimist@1.2.7:
    version "1.2.7"
    resolved "https://registry.yarnpkg.com/minimist/-/minimist-1.2.7.tgz#daa1c4d91f507390437c6a8bc01078e7000c4d18"
    integrity sha512-bzfL1YUZsP41gmu/qjrEk0Q6i2ix/cVeAhbCbqH9u3zYutS1cLg00qhrD0M2MVdCcx4Sc0UpP2eBWo9rotpq6g==
  
  minipass@^3.0.0:
    version "3.3.6"
    resolved "https://registry.yarnpkg.com/minipass/-/minipass-3.3.6.tgz#7bba384db3a1520d18c9c0e5251c3444e95dd94a"
    integrity sha512-DxiNidxSEK+tHG6zOIklvNOwm3hvCrbUrdtzY74U6HKTJxvIDfOUL5W5P2Ghd3DTkhhKPYGqeNUIh5qcM4YBfw==
    dependencies:
      yallist "^4.0.0"
  
  minipass@^5.0.0:
    version "5.0.0"
    resolved "https://registry.yarnpkg.com/minipass/-/minipass-5.0.0.tgz#3e9788ffb90b694a5d0ec94479a45b5d8738133d"
    integrity sha512-3FnjYuehv9k6ovOEbyOswadCDPX1piCfhV8ncmYtHOjuPwylVWsghTLo7rabjC3Rx5xD4HDx8Wm1xnMF7S5qFQ==
  
  "minipass@^5.0.0 || ^6.0.2 || ^7.0.0", minipass@^7.1.2:
    version "7.1.2"
    resolved "https://registry.yarnpkg.com/minipass/-/minipass-7.1.2.tgz#93a9626ce5e5e66bd4db86849e7515e92340a707"
    integrity sha512-qOOzS1cBTWYF4BH8fVePDBOO9iptMnGUEZwNc/cMWnTV2nVLZ7VoNWEPHkYczZA0pdoA7dl6e7FL659nX9S2aw==
  
  minizlib@^2.1.1:
    version "2.1.2"
    resolved "https://registry.yarnpkg.com/minizlib/-/minizlib-2.1.2.tgz#e90d3466ba209b932451508a11ce3d3632145931"
    integrity sha512-bAxsR8BVfj60DWXHE3u30oHzfl4G7khkSuPW+qvpd7jFRHm7dLxOjUk1EHACJ/hxLY8phGJ0YhYHZo7jil7Qdg==
    dependencies:
      minipass "^3.0.0"
      yallist "^4.0.0"
  
  mkdirp@^1.0.3:
    version "1.0.4"
    resolved "https://registry.yarnpkg.com/mkdirp/-/mkdirp-1.0.4.tgz#3eb5ed62622756d79a5f0e2a221dfebad75c2f7e"
    integrity sha512-vVqVZQyf3WLx2Shd0qJ9xuvqgAyKPLAiqITEtqW0oIUjzo3PePDd6fW9iFz30ef7Ysp/oiWqbhszeGWW2T6Gzw==
  
  mkdirp@^2.1.3:
    version "2.1.6"
    resolved "https://registry.yarnpkg.com/mkdirp/-/mkdirp-2.1.6.tgz#964fbcb12b2d8c5d6fbc62a963ac95a273e2cc19"
    integrity sha512-+hEnITedc8LAtIP9u3HJDFIdcLV2vXP33sqLLIzkv1Db1zO/1OxbvYf0Y1OC/S/Qo5dxHXepofhmxL02PsKe+A==
  
  ms@2.0.0:
    version "2.0.0"
    resolved "https://registry.yarnpkg.com/ms/-/ms-2.0.0.tgz#5608aeadfc00be6c2901df5f9861788de0d597c8"
    integrity sha512-Tpp60P6IUJDTuOq/5Z8cdskzJujfwqfOTkrwIwj7IRISpnkJnT6SyJ4PCPnGMoFjC9ddhal5KVIYtAt97ix05A==
  
  ms@2.1.3, ms@^2.1.1, ms@^2.1.3:
    version "2.1.3"
    resolved "https://registry.yarnpkg.com/ms/-/ms-2.1.3.tgz#574c8138ce1d2b5861f0b44579dbadd60c6615b2"
    integrity sha512-6FlzubTLZG3J2a/NVCAleEhjzq5oxgHyaCU9yYXvcLsvoVaHJq/s5xXI6/XXP6tz7R9xAOtHnSO/tXtF3WRTlA==
  
  mute-stream@0.0.8:
    version "0.0.8"
    resolved "https://registry.yarnpkg.com/mute-stream/-/mute-stream-0.0.8.tgz#1630c42b2251ff81e2a283de96a5497ea92e5e0d"
    integrity sha512-nnbWWOkoWyUsTjKrhgD0dcz22mdkSnpYqbEjIm2nhwhuxlSkpywJmBo8h0ZqJdkp73mb90SssHkN4rsRaBAfAA==
  
  mz@^2.4.0:
    version "2.7.0"
    resolved "https://registry.yarnpkg.com/mz/-/mz-2.7.0.tgz#95008057a56cafadc2bc63dde7f9ff6955948e32"
    integrity sha512-z81GNO7nnYMEhrGh9LeymoE4+Yr0Wn5McHIZMK5cfQCl+NDX08sCZgUc9/6MHni9IWuFLm1Z3HTCXu2z9fN62Q==
    dependencies:
      any-promise "^1.0.0"
      object-assign "^4.0.1"
      thenify-all "^1.0.0"
  
  negotiator@0.6.3:
    version "0.6.3"
    resolved "https://registry.yarnpkg.com/negotiator/-/negotiator-0.6.3.tgz#58e323a72fedc0d6f9cd4d31fe49f51479590ccd"
    integrity sha512-+EUsqGPLsM+j/zdChZjsnX51g4XrHFOIXwfnCVPGlQk/k5giakcKsuxCObBRu6DSm9opw/O6slWbJdghQM4bBg==
  
  node-addon-api@^5.0.0:
    version "5.1.0"
    resolved "https://registry.yarnpkg.com/node-addon-api/-/node-addon-api-5.1.0.tgz#49da1ca055e109a23d537e9de43c09cca21eb762"
    integrity sha512-eh0GgfEkpnoWDq+VY8OyvYhFEzBk6jIYbRKdIlyTiAXIVJ8PyBaKb0rp7oDtoddbdoHWhq8wwr+XZ81F1rpNdA==
  
  node-fetch@^2.6.7:
    version "2.7.0"
    resolved "https://registry.yarnpkg.com/node-fetch/-/node-fetch-2.7.0.tgz#d0f0fa6e3e2dc1d27efcd8ad99d550bda94d187d"
    integrity sha512-c4FRfUm/dbcWZ7U+1Wq0AwCyFL+3nt2bEw05wfxSz+DWpWsitgmSgYmy2dQdWyKC1694ELPqMs/YzUSNozLt8A==
    dependencies:
      whatwg-url "^5.0.0"
  
  nodemon@^3.1.9:
    version "3.1.9"
    resolved "https://registry.yarnpkg.com/nodemon/-/nodemon-3.1.9.tgz#df502cdc3b120e1c3c0c6e4152349019efa7387b"
    integrity sha512-hdr1oIb2p6ZSxu3PB2JWWYS7ZQ0qvaZsc3hK8DR8f02kRzc8rjYmxAIvdz+aYC+8F2IjNaB7HMcSDg8nQpJxyg==
    dependencies:
      chokidar "^3.5.2"
      debug "^4"
      ignore-by-default "^1.0.1"
      minimatch "^3.1.2"
      pstree.remy "^1.1.8"
      semver "^7.5.3"
      simple-update-notifier "^2.0.0"
      supports-color "^5.5.0"
      touch "^3.1.0"
      undefsafe "^2.0.5"
  
  nopt@^5.0.0:
    version "5.0.0"
    resolved "https://registry.yarnpkg.com/nopt/-/nopt-5.0.0.tgz#530942bb58a512fccafe53fe210f13a25355dc88"
    integrity sha512-Tbj67rffqceeLpcRXrT7vKAN8CwfPeIBgM7E6iBkmKLV7bEMwpGgYLGv0jACUsECaa/vuxP0IjEont6umdMgtQ==
    dependencies:
      abbrev "1"
  
  normalize-path@^3.0.0, normalize-path@~3.0.0:
    version "3.0.0"
    resolved "https://registry.yarnpkg.com/normalize-path/-/normalize-path-3.0.0.tgz#0dcd69ff23a1c9b11fd0978316644a0388216a65"
    integrity sha512-6eZs5Ls3WtCisHWp9S2GUy8dqkpGi4BVSz3GaqiE6ezub0512ESztXUwUB6C6IKbQkY2Pnb/mD4WYojCRwcwLA==
  
  npmlog@^5.0.1:
    version "5.0.1"
    resolved "https://registry.yarnpkg.com/npmlog/-/npmlog-5.0.1.tgz#f06678e80e29419ad67ab964e0fa69959c1eb8b0"
    integrity sha512-AqZtDUWOMKs1G/8lwylVjrdYgqA4d9nu8hc+0gzRxlDb1I10+FHBGMXs6aiQHFdCUUlqH99MUMuLfzWDNDtfxw==
    dependencies:
      are-we-there-yet "^2.0.0"
      console-control-strings "^1.1.0"
      gauge "^3.0.0"
      set-blocking "^2.0.0"
  
  object-assign@^4.0.1, object-assign@^4.1.1:
    version "4.1.1"
    resolved "https://registry.yarnpkg.com/object-assign/-/object-assign-4.1.1.tgz#2109adc7965887cfc05cbbd442cac8bfbb360863"
    integrity sha512-rJgTQnkUnH1sFw8yT6VSU3zD3sWmu6sZhIseY8VX+GRu3P6F7Fu+JNDoXfklElbLJSnc3FUQHVe4cU5hj+BcUg==
  
  object-inspect@^1.13.3:
    version "1.13.4"
    resolved "https://registry.yarnpkg.com/object-inspect/-/object-inspect-1.13.4.tgz#8375265e21bc20d0fa582c22e1b13485d6e00213"
    integrity sha512-W67iLl4J2EXEGTbfeHCffrjDfitvLANg0UlX3wFUUSTx92KXRFegMHUVgSqE+wvhAbi4WqjGg9czysTV2Epbew==
  
  on-finished@2.4.1:
    version "2.4.1"
    resolved "https://registry.yarnpkg.com/on-finished/-/on-finished-2.4.1.tgz#58c8c44116e54845ad57f14ab10b03533184ac3f"
    integrity sha512-oVlzkg3ENAhCk2zdv7IJwd/QUD4z2RxRwpkcGY8psCVcCYZNq4wYnVWALHM+brtuJjePWiYF/ClmuDr8Ch5+kg==
    dependencies:
      ee-first "1.1.1"
  
  once@^1.3.0:
    version "1.4.0"
    resolved "https://registry.yarnpkg.com/once/-/once-1.4.0.tgz#583b1aa775961d4b113ac17d9c50baef9dd76bd1"
    integrity sha512-lNaJgI+2Q5URQBkccEKHTQOPaXdUxnZZElQTZY0MFUAuaEqe1E+Nyvgdz/aIyNi6Z9MzO5dv1H8n58/GELp3+w==
    dependencies:
      wrappy "1"
  
  onetime@^5.1.0:
    version "5.1.2"
    resolved "https://registry.yarnpkg.com/onetime/-/onetime-5.1.2.tgz#d0e96ebb56b07476df1dd9c4806e5237985ca45e"
    integrity sha512-kbpaSSGJTWdAY5KPVeMOKXSrPtr8C8C7wodJbcsd51jRnmD+GZu8Y0VoU6Dm5Z4vWr0Ig/1NKuWRKf7j5aaYSg==
    dependencies:
      mimic-fn "^2.1.0"
  
  ora@^5.4.1:
    version "5.4.1"
    resolved "https://registry.yarnpkg.com/ora/-/ora-5.4.1.tgz#1b2678426af4ac4a509008e5e4ac9e9959db9e18"
    integrity sha512-5b6Y85tPxZZ7QytO+BQzysW31HJku27cRIlkbAXaNx+BdcVi+LlRFmVXzeF6a7JCwJpyw5c4b+YSVImQIrBpuQ==
    dependencies:
      bl "^4.1.0"
      chalk "^4.1.0"
      cli-cursor "^3.1.0"
      cli-spinners "^2.5.0"
      is-interactive "^1.0.0"
      is-unicode-supported "^0.1.0"
      log-symbols "^4.1.0"
      strip-ansi "^6.0.0"
      wcwidth "^1.0.1"
  
  os-tmpdir@~1.0.2:
    version "1.0.2"
    resolved "https://registry.yarnpkg.com/os-tmpdir/-/os-tmpdir-1.0.2.tgz#bbe67406c79aa85c5cfec766fe5734555dfa1274"
    integrity sha512-D2FR03Vir7FIu45XBY20mTb+/ZSWB00sjU9jdQXt83gDrI4Ztz5Fs7/yy74g2N5SVQY4xY1qDr4rNddwYRVX0g==
  
  package-json-from-dist@^1.0.0:
    version "1.0.1"
    resolved "https://registry.yarnpkg.com/package-json-from-dist/-/package-json-from-dist-1.0.1.tgz#4f1471a010827a86f94cfd9b0727e36d267de505"
    integrity sha512-UEZIS3/by4OC8vL3P2dTXRETpebLI2NiI5vIrjaD/5UtrkFX/tNbwjTSRAGC/+7CAo2pIcBaRgWmcBBHcsaCIw==
  
  parent-module@^1.0.0:
    version "1.0.1"
    resolved "https://registry.yarnpkg.com/parent-module/-/parent-module-1.0.1.tgz#691d2709e78c79fae3a156622452d00762caaaa2"
    integrity sha512-GQ2EWRpQV8/o+Aw8YqtfZZPfNRWZYkbidE9k5rpl/hC3vtHHBfGm2Ifi6qWV+coDGkrUKZAxE3Lot5kcsRlh+g==
    dependencies:
      callsites "^3.0.0"
  
  parse-json@^5.2.0:
    version "5.2.0"
    resolved "https://registry.yarnpkg.com/parse-json/-/parse-json-5.2.0.tgz#c76fc66dee54231c962b22bcc8a72cf2f99753cd"
    integrity sha512-ayCKvm/phCGxOkYRSCM82iDwct8/EonSEgCSxWxD7ve6jHggsFl4fZVQBPRNgQoKiuV/odhFrGzQXZwbifC8Rg==
    dependencies:
      "@babel/code-frame" "^7.0.0"
      error-ex "^1.3.1"
      json-parse-even-better-errors "^2.3.0"
      lines-and-columns "^1.1.6"
  
  parse-passwd@^1.0.0:
    version "1.0.0"
    resolved "https://registry.yarnpkg.com/parse-passwd/-/parse-passwd-1.0.0.tgz#6d5b934a456993b23d37f40a382d6f1666a8e5c6"
    integrity sha512-1Y1A//QUXEZK7YKz+rD9WydcE1+EuPr6ZBgKecAB8tmoW6UFv0NREVJe1p+jRxtThkcbbKkfwIbWJe/IeE6m2Q==
  
  parse5-htmlparser2-tree-adapter@^6.0.0:
    version "6.0.1"
    resolved "https://registry.yarnpkg.com/parse5-htmlparser2-tree-adapter/-/parse5-htmlparser2-tree-adapter-6.0.1.tgz#2cdf9ad823321140370d4dbf5d3e92c7c8ddc6e6"
    integrity sha512-qPuWvbLgvDGilKc5BoicRovlT4MtYT6JfJyBOMDsKoiT+GiuP5qyrPCnR9HcPECIJJmZh5jRndyNThnhhb/vlA==
    dependencies:
      parse5 "^6.0.1"
  
  parse5@^5.1.1:
    version "5.1.1"
    resolved "https://registry.yarnpkg.com/parse5/-/parse5-5.1.1.tgz#f68e4e5ba1852ac2cadc00f4555fff6c2abb6178"
    integrity sha512-ugq4DFI0Ptb+WWjAdOK16+u/nHfiIrcE+sh8kZMaM0WllQKLI9rOUq6c2b7cwPkXdzfQESqvoqK6ug7U/Yyzug==
  
  parse5@^6.0.1:
    version "6.0.1"
    resolved "https://registry.yarnpkg.com/parse5/-/parse5-6.0.1.tgz#e1a1c085c569b3dc08321184f19a39cc27f7c30b"
    integrity sha512-Ofn/CTFzRGTTxwpNEs9PP93gXShHcTq255nzRYSKe8AkVpZY7e1fpmTfOyoIvjP5HG7Z2ZM7VS9PPhQGW2pOpw==
  
  parseurl@~1.3.3:
    version "1.3.3"
    resolved "https://registry.yarnpkg.com/parseurl/-/parseurl-1.3.3.tgz#9da19e7bee8d12dff0513ed5b76957793bc2e8d4"
    integrity sha512-CiyeOxFT/JZyN5m0z9PfXw4SCBJ6Sygz1Dpl0wqjlhDEGGBP1GnsUVEL0p63hoG1fcj3fHynXi9NYO4nWOL+qQ==
  
  path-is-absolute@^1.0.0:
    version "1.0.1"
    resolved "https://registry.yarnpkg.com/path-is-absolute/-/path-is-absolute-1.0.1.tgz#174b9268735534ffbc7ace6bf53a5a9e1b5c5f5f"
    integrity sha512-AVbw3UJ2e9bq64vSaS9Am0fje1Pa8pbGqTTsmXfaIiMpnr5DlDhfJOuLj9Sf95ZPVDAUerDfEk88MPmPe7UCQg==
  
  path-key@^3.1.0:
    version "3.1.1"
    resolved "https://registry.yarnpkg.com/path-key/-/path-key-3.1.1.tgz#581f6ade658cbba65a0d3380de7753295054f375"
    integrity sha512-ojmeN0qd+y0jszEtoY48r0Peq5dwMEkIlCOu6Q5f41lfkswXuKtYrhgoTpLnyIcHm24Uhqx+5Tqm2InSwLhE6Q==
  
  path-scurry@^1.11.1:
    version "1.11.1"
    resolved "https://registry.yarnpkg.com/path-scurry/-/path-scurry-1.11.1.tgz#7960a668888594a0720b12a911d1a742ab9f11d2"
    integrity sha512-Xa4Nw17FS9ApQFJ9umLiJS4orGjm7ZzwUrwamcGQuHSzDyth9boKDaycYdDcZDuqYATXw4HFXgaqWTctW/v1HA==
    dependencies:
      lru-cache "^10.2.0"
      minipass "^5.0.0 || ^6.0.2 || ^7.0.0"
  
  path-to-regexp@0.1.12:
    version "0.1.12"
    resolved "https://registry.yarnpkg.com/path-to-regexp/-/path-to-regexp-0.1.12.tgz#d5e1a12e478a976d432ef3c58d534b9923164bb7"
    integrity sha512-RA1GjUVMnvYFxuqovrEqZoxxW5NUZqbwKtYz/Tt7nXerk0LbLblQmrsgdeOxV5SFHf0UDggjS/bSeOZwt1pmEQ==
  
  pg-cloudflare@^1.1.1:
    version "1.1.1"
    resolved "https://registry.yarnpkg.com/pg-cloudflare/-/pg-cloudflare-1.1.1.tgz#e6d5833015b170e23ae819e8c5d7eaedb472ca98"
    integrity sha512-xWPagP/4B6BgFO+EKz3JONXv3YDgvkbVrGw2mTo3D6tVDQRh1e7cqVGvyR3BE+eQgAvx1XhW/iEASj4/jCWl3Q==
  
  pg-connection-string@^2.7.0:
    version "2.7.0"
    resolved "https://registry.yarnpkg.com/pg-connection-string/-/pg-connection-string-2.7.0.tgz#f1d3489e427c62ece022dba98d5262efcb168b37"
    integrity sha512-PI2W9mv53rXJQEOb8xNR8lH7Hr+EKa6oJa38zsK0S/ky2er16ios1wLKhZyxzD7jUReiWokc9WK5nxSnC7W1TA==
  
  pg-int8@1.0.1:
    version "1.0.1"
    resolved "https://registry.yarnpkg.com/pg-int8/-/pg-int8-1.0.1.tgz#943bd463bf5b71b4170115f80f8efc9a0c0eb78c"
    integrity sha512-WCtabS6t3c8SkpDBUlb1kjOs7l66xsGdKpIPZsg4wR+B3+u9UAum2odSsF9tnvxg80h4ZxLWMy4pRjOsFIqQpw==
  
  pg-pool@^3.7.1:
    version "3.7.1"
    resolved "https://registry.yarnpkg.com/pg-pool/-/pg-pool-3.7.1.tgz#d1aaf618618d8f878acf185e86084928b8cd5b3c"
    integrity sha512-xIOsFoh7Vdhojas6q3596mXFsR8nwBQBXX5JiV7p9buEVAGqYL4yFzclON5P9vFrpu1u7Zwl2oriyDa89n0wbw==
  
  pg-protocol@^1.7.1:
    version "1.7.1"
    resolved "https://registry.yarnpkg.com/pg-protocol/-/pg-protocol-1.7.1.tgz#aad61a6f927b51e89dcf721408b76c0e536d43dc"
    integrity sha512-gjTHWGYWsEgy9MsY0Gp6ZJxV24IjDqdpTW7Eh0x+WfJLFsm/TJx1MzL6T0D88mBvkpxotCQ6TwW6N+Kko7lhgQ==
  
  pg-types@^2.1.0:
    version "2.2.0"
    resolved "https://registry.yarnpkg.com/pg-types/-/pg-types-2.2.0.tgz#2d0250d636454f7cfa3b6ae0382fdfa8063254a3"
    integrity sha512-qTAAlrEsl8s4OiEQY69wDvcMIdQN6wdz5ojQiOy6YRMuynxenON0O5oCpJI6lshc6scgAY8qvJ2On/p+CXY0GA==
    dependencies:
      pg-int8 "1.0.1"
      postgres-array "~2.0.0"
      postgres-bytea "~1.0.0"
      postgres-date "~1.0.4"
      postgres-interval "^1.1.0"
  
  pg@^8.4.0:
    version "8.13.3"
    resolved "https://registry.yarnpkg.com/pg/-/pg-8.13.3.tgz#19cd021d1f9e9d26d860b80cd450f109a8652738"
    integrity sha512-P6tPt9jXbL9HVu/SSRERNYaYG++MjnscnegFh9pPHihfoBSujsrka0hyuymMzeJKFWrcG8wvCKy8rCe8e5nDUQ==
    dependencies:
      pg-connection-string "^2.7.0"
      pg-pool "^3.7.1"
      pg-protocol "^1.7.1"
      pg-types "^2.1.0"
      pgpass "1.x"
    optionalDependencies:
      pg-cloudflare "^1.1.1"
  
  pgpass@1.x:
    version "1.0.5"
    resolved "https://registry.yarnpkg.com/pgpass/-/pgpass-1.0.5.tgz#9b873e4a564bb10fa7a7dbd55312728d422a223d"
    integrity sha512-FdW9r/jQZhSeohs1Z3sI1yxFQNFvMcnmfuj4WBMUTxOrAyLMaTcE1aAMBiTlbMNaXvBCQuVi0R7hd8udDSP7ug==
    dependencies:
      split2 "^4.1.0"
  
  picocolors@^1.0.0:
    version "1.1.1"
    resolved "https://registry.yarnpkg.com/picocolors/-/picocolors-1.1.1.tgz#3d321af3eab939b083c8f929a1d12cda81c26b6b"
    integrity sha512-xceH2snhtb5M9liqDsmEw56le376mTZkEX/jEb/RxNFyegNul7eNslCXP9FDj/Lcu0X8KEyMceP2ntpaHrDEVA==
  
  picomatch@^2.0.4, picomatch@^2.2.1, picomatch@^2.3.1:
    version "2.3.1"
    resolved "https://registry.yarnpkg.com/picomatch/-/picomatch-2.3.1.tgz#3ba3833733646d9d3e4995946c1365a67fb07a42"
    integrity sha512-JU3teHTNjmE2VCGFzuY8EXzCDVwEqB2a8fsIvwaStHhAWJEeVd1o1QD80CU6+ZdEXXSLbSsuLwJjkCBWqRQUVA==
  
  postgres-array@~2.0.0:
    version "2.0.0"
    resolved "https://registry.yarnpkg.com/postgres-array/-/postgres-array-2.0.0.tgz#48f8fce054fbc69671999329b8834b772652d82e"
    integrity sha512-VpZrUqU5A69eQyW2c5CA1jtLecCsN2U/bD6VilrFDWq5+5UIEVO7nazS3TEcHf1zuPYO/sqGvUvW62g86RXZuA==
  
  postgres-bytea@~1.0.0:
    version "1.0.0"
    resolved "https://registry.yarnpkg.com/postgres-bytea/-/postgres-bytea-1.0.0.tgz#027b533c0aa890e26d172d47cf9ccecc521acd35"
    integrity sha512-xy3pmLuQqRBZBXDULy7KbaitYqLcmxigw14Q5sj8QBVLqEwXfeybIKVWiqAXTlcvdvb0+xkOtDbfQMOf4lST1w==
  
  postgres-date@~1.0.4:
    version "1.0.7"
    resolved "https://registry.yarnpkg.com/postgres-date/-/postgres-date-1.0.7.tgz#51bc086006005e5061c591cee727f2531bf641a8"
    integrity sha512-suDmjLVQg78nMK2UZ454hAG+OAW+HQPZ6n++TNDUX+L0+uUlLywnoxJKDou51Zm+zTCjrCl0Nq6J9C5hP9vK/Q==
  
  postgres-interval@^1.1.0:
    version "1.2.0"
    resolved "https://registry.yarnpkg.com/postgres-interval/-/postgres-interval-1.2.0.tgz#b460c82cb1587507788819a06aa0fffdb3544695"
    integrity sha512-9ZhXKM/rw350N1ovuWHbGxnGh/SNJ4cnxHiM0rxE4VN41wsg8P8zWn9hv/buK00RP4WvlOyr/RBDiptyxVbkZQ==
    dependencies:
      xtend "^4.0.0"
  
  proxy-addr@~2.0.7:
    version "2.0.7"
    resolved "https://registry.yarnpkg.com/proxy-addr/-/proxy-addr-2.0.7.tgz#f19fe69ceab311eeb94b42e70e8c2070f9ba1025"
    integrity sha512-llQsMLSUDUPT44jdrU/O37qlnifitDP+ZwrmmZcoSKyLKvtZxpyV0n2/bD/N4tBAAZ/gJEdZU7KMraoK1+XYAg==
    dependencies:
      forwarded "0.2.0"
      ipaddr.js "1.9.1"
  
  pstree.remy@^1.1.8:
    version "1.1.8"
    resolved "https://registry.yarnpkg.com/pstree.remy/-/pstree.remy-1.1.8.tgz#c242224f4a67c21f686839bbdb4ac282b8373d3a"
    integrity sha512-77DZwxQmxKnu3aR542U+X8FypNzbfJ+C5XQDk3uWjWxn6151aIMGthWYRXTqT1E5oJvg+ljaa2OJi+VfvCOQ8w==
  
  qs@6.13.0:
    version "6.13.0"
    resolved "https://registry.yarnpkg.com/qs/-/qs-6.13.0.tgz#6ca3bd58439f7e245655798997787b0d88a51906"
    integrity sha512-+38qI9SOr8tfZ4QmJNplMUxqjbe7LKvvZgWdExBOmd+egZTtjLB67Gu0HRX3u/XOq7UU2Nx6nsjvS16Z9uwfpg==
    dependencies:
      side-channel "^1.0.6"
  
  range-parser@~1.2.1:
    version "1.2.1"
    resolved "https://registry.yarnpkg.com/range-parser/-/range-parser-1.2.1.tgz#3cf37023d199e1c24d1a55b84800c2f3e6468031"
    integrity sha512-Hrgsx+orqoygnmhFbKaHE6c296J+HTAQXoxEF6gNupROmmGJRoyzfG3ccAveqCBrwr/2yxQ5BVd/GTl5agOwSg==
  
  raw-body@2.5.2:
    version "2.5.2"
    resolved "https://registry.yarnpkg.com/raw-body/-/raw-body-2.5.2.tgz#99febd83b90e08975087e8f1f9419a149366b68a"
    integrity sha512-8zGqypfENjCIqGhgXToC8aB2r7YrBX+AQAfIPs/Mlk+BtPTztOvTS01NRW/3Eh60J+a48lt8qsCzirQ6loCVfA==
    dependencies:
      bytes "3.1.2"
      http-errors "2.0.0"
      iconv-lite "0.4.24"
      unpipe "1.0.0"
  
  readable-stream@^3.4.0, readable-stream@^3.6.0:
    version "3.6.2"
    resolved "https://registry.yarnpkg.com/readable-stream/-/readable-stream-3.6.2.tgz#56a9b36ea965c00c5a93ef31eb111a0f11056967"
    integrity sha512-9u/sniCrY3D5WdsERHzHE4G2YCXqoG5FTHUiCC4SIbr6XcLZBY05ya9EKjYek9O5xOAwjGq+1JdGBAS7Q9ScoA==
    dependencies:
      inherits "^2.0.3"
      string_decoder "^1.1.1"
      util-deprecate "^1.0.1"
  
  readdirp@~3.6.0:
    version "3.6.0"
    resolved "https://registry.yarnpkg.com/readdirp/-/readdirp-3.6.0.tgz#74a370bd857116e245b29cc97340cd431a02a6c7"
    integrity sha512-hOS089on8RduqdbhvQ5Z37A0ESjsqz6qnRcffsMU3495FuTdqSm+7bhJ29JvIOsBDEEnan5DPu9t3To9VRlMzA==
    dependencies:
      picomatch "^2.2.1"
  
  reflect-metadata@^0.1.13:
    version "0.1.14"
    resolved "https://registry.yarnpkg.com/reflect-metadata/-/reflect-metadata-0.1.14.tgz#24cf721fe60677146bb77eeb0e1f9dece3d65859"
    integrity sha512-ZhYeb6nRaXCfhnndflDK8qI6ZQ/YcWZCISRAWICW9XYqMUwjZM9Z0DveWX/ABN01oxSHwVxKQmxeYZSsm0jh5A==
  
  reflect-metadata@^0.2.1:
    version "0.2.2"
    resolved "https://registry.yarnpkg.com/reflect-metadata/-/reflect-metadata-0.2.2.tgz#400c845b6cba87a21f2c65c4aeb158f4fa4d9c5b"
    integrity sha512-urBwgfrvVP/eAyXx4hluJivBKzuEbSQs9rKWCrCkbSxNv8mxPcUZKeuoF3Uy4mJl3Lwprp6yy5/39VWigZ4K6Q==
  
  require-directory@^2.1.1:
    version "2.1.1"
    resolved "https://registry.yarnpkg.com/require-directory/-/require-directory-2.1.1.tgz#8c64ad5fd30dab1c976e2344ffe7f792a6a6df42"
    integrity sha512-fGxEI7+wsG9xrvdjsrlmL22OMTTiHRwAMroiEeMgq8gzoLC/PQr7RsRDSTLUg/bZAZtF+TVIkHc6/4RIKrui+Q==
  
  require-from-string@^2.0.2:
    version "2.0.2"
    resolved "https://registry.yarnpkg.com/require-from-string/-/require-from-string-2.0.2.tgz#89a7fdd938261267318eafe14f9c32e598c36909"
    integrity sha512-Xf0nWe6RseziFMu+Ap9biiUbmplq6S9/p+7w7YXP/JBHhrUDDUhwa+vANyubuqfZWTveU//DYVGsDG7RKL/vEw==
  
  resolve-dir@^1.0.0, resolve-dir@^1.0.1:
    version "1.0.1"
    resolved "https://registry.yarnpkg.com/resolve-dir/-/resolve-dir-1.0.1.tgz#79a40644c362be82f26effe739c9bb5382046f43"
    integrity sha512-R7uiTjECzvOsWSfdM0QKFNBVFcK27aHOUwdvK53BcW8zqnGdYp0Fbj82cy54+2A4P2tFM22J5kRfe1R+lM/1yg==
    dependencies:
      expand-tilde "^2.0.0"
      global-modules "^1.0.0"
  
  resolve-from@^4.0.0:
    version "4.0.0"
    resolved "https://registry.yarnpkg.com/resolve-from/-/resolve-from-4.0.0.tgz#4abcd852ad32dd7baabfe9b40e00a36db5f392e6"
    integrity sha512-pb/MYmXstAkysRFx8piNI1tGFNQIFA3vkE3Gq4EuA1dF6gHp/+vgZqsCGJapvy8N3Q+4o7FwvquPJcnZ7RYy4g==
  
  resolve-from@^5.0.0:
    version "5.0.0"
    resolved "https://registry.yarnpkg.com/resolve-from/-/resolve-from-5.0.0.tgz#c35225843df8f776df21c57557bc087e9dfdfc69"
    integrity sha512-qYg9KP24dD5qka9J47d0aVky0N+b4fTU89LN9iDnjB5waksiC49rvMB0PrUJQGoTmH50XPiqOvAjDfaijGxYZw==
  
  restore-cursor@^3.1.0:
    version "3.1.0"
    resolved "https://registry.yarnpkg.com/restore-cursor/-/restore-cursor-3.1.0.tgz#39f67c54b3a7a58cea5236d95cf0034239631f7e"
    integrity sha512-l+sSefzHpj5qimhFSE5a8nufZYAM3sBSVMAPtYkmC+4EH2anSGaEMXSD0izRQbu9nfyQ9y5JrVmp7E8oZrUjvA==
    dependencies:
      onetime "^5.1.0"
      signal-exit "^3.0.2"
  
  rimraf@^3.0.2:
    version "3.0.2"
    resolved "https://registry.yarnpkg.com/rimraf/-/rimraf-3.0.2.tgz#f1a5402ba6220ad52cc1282bac1ae3aa49fd061a"
    integrity sha512-JZkJMZkAGFFPP2YqXZXPbMlMBgsxzE8ILs4lMIX/2o0L9UBw9O/Y3o6wFw/i9YLapcUJWwqbi3kdxIPdC62TIA==
    dependencies:
      glob "^7.1.3"
  
  run-async@^2.4.0:
    version "2.4.1"
    resolved "https://registry.yarnpkg.com/run-async/-/run-async-2.4.1.tgz#8440eccf99ea3e70bd409d49aab88e10c189a455"
    integrity sha512-tvVnVv01b8c1RrA6Ep7JkStj85Guv/YrMcwqYQnwjsAS2cTmmPGBBjAjpCW7RrSodNSoE2/qg9O4bceNvUuDgQ==
  
  rxjs@^7.5.5, rxjs@^7.8.1:
    version "7.8.2"
    resolved "https://registry.yarnpkg.com/rxjs/-/rxjs-7.8.2.tgz#955bc473ed8af11a002a2be52071bf475638607b"
    integrity sha512-dhKf903U/PQZY6boNNtAGdWbG85WAbjT/1xYoZIC7FAY0yWapOBQVsVrDl58W86//e1VpMNBtRV4MaXfdMySFA==
    dependencies:
      tslib "^2.1.0"
  
  safe-buffer@5.2.1, safe-buffer@^5.0.1, safe-buffer@~5.2.0:
    version "5.2.1"
    resolved "https://registry.yarnpkg.com/safe-buffer/-/safe-buffer-5.2.1.tgz#1eaf9fa9bdb1fdd4ec75f58f9cdb4e6b7827eec6"
    integrity sha512-rp3So07KcdmmKbGvgaNxQSJr7bGVSVk5S9Eq1F+ppbRo70+YeaDxkw5Dd8NPN+GD6bjnYm2VuPuCXmpuYvmCXQ==
  
  "safer-buffer@>= 2.1.2 < 3":
    version "2.1.2"
    resolved "https://registry.yarnpkg.com/safer-buffer/-/safer-buffer-2.1.2.tgz#44fa161b0187b9549dd84bb91802f9bd8385cd6a"
    integrity sha512-YZo3K82SD7Riyi0E1EQPojLz7kpepnSQI9IyPbHHg1XXXevb5dJI7tpyN2ADxGcQbHG7vcyRHk0cbwqcQriUtg==
  
  semver@^6.0.0:
    version "6.3.1"
    resolved "https://registry.yarnpkg.com/semver/-/semver-6.3.1.tgz#556d2ef8689146e46dcea4bfdd095f3434dffcb4"
    integrity sha512-BR7VvDCVHO+q2xBEWskxS6DJE1qRnb7DxzUrogb71CWoSficBxYsiAGd+Kl0mmq/MprG9yArRkyrQxTO6XjMzA==
  
  semver@^7.3.5, semver@^7.5.3, semver@^7.5.4:
    version "7.7.1"
    resolved "https://registry.yarnpkg.com/semver/-/semver-7.7.1.tgz#abd5098d82b18c6c81f6074ff2647fd3e7220c9f"
    integrity sha512-hlq8tAfn0m/61p4BVRcPzIGr6LKiMwo4VM6dGi6pt4qcRkmNzTcWq6eCEjEh+qXjkMDvPlOFFSGwQjoEa6gyMA==
  
  send@0.19.0:
    version "0.19.0"
    resolved "https://registry.yarnpkg.com/send/-/send-0.19.0.tgz#bbc5a388c8ea6c048967049dbeac0e4a3f09d7f8"
    integrity sha512-dW41u5VfLXu8SJh5bwRmyYUbAoSB3c9uQh6L8h/KtsFREPWpbX1lrljJo186Jc4nmci/sGUZ9a0a0J2zgfq2hw==
    dependencies:
      debug "2.6.9"
      depd "2.0.0"
      destroy "1.2.0"
      encodeurl "~1.0.2"
      escape-html "~1.0.3"
      etag "~1.8.1"
      fresh "0.5.2"
      http-errors "2.0.0"
      mime "1.6.0"
      ms "2.1.3"
      on-finished "2.4.1"
      range-parser "~1.2.1"
      statuses "2.0.1"
  
  serve-static@1.16.2:
    version "1.16.2"
    resolved "https://registry.yarnpkg.com/serve-static/-/serve-static-1.16.2.tgz#b6a5343da47f6bdd2673848bf45754941e803296"
    integrity sha512-VqpjJZKadQB/PEbEwvFdO43Ax5dFBZ2UECszz8bQ7pi7wt//PWe1P6MN7eCnjsatYtBT6EuiClbjSWP2WrIoTw==
    dependencies:
      encodeurl "~2.0.0"
      escape-html "~1.0.3"
      parseurl "~1.3.3"
      send "0.19.0"
  
  set-blocking@^2.0.0:
    version "2.0.0"
    resolved "https://registry.yarnpkg.com/set-blocking/-/set-blocking-2.0.0.tgz#045f9782d011ae9a6803ddd382b24392b3d890f7"
    integrity sha512-KiKBS8AnWGEyLzofFfmvKwpdPzqiy16LvQfK3yv/fVH7Bj13/wl3JSR1J+rfgRE9q7xUJK4qvgS8raSOeLUehw==
  
  setprototypeof@1.2.0:
    version "1.2.0"
    resolved "https://registry.yarnpkg.com/setprototypeof/-/setprototypeof-1.2.0.tgz#66c9a24a73f9fc28cbe66b09fed3d33dcaf1b424"
    integrity sha512-E5LDX7Wrp85Kil5bhZv46j8jOeboKq5JMmYM3gVGdGH8xFpPWXUMsNrlODCrkoxMEeNi/XZIwuRvY4XNwYMJpw==
  
  sha.js@^2.4.11:
    version "2.4.11"
    resolved "https://registry.yarnpkg.com/sha.js/-/sha.js-2.4.11.tgz#37a5cf0b81ecbc6943de109ba2960d1b26584ae7"
    integrity sha512-QMEp5B7cftE7APOjk5Y6xgrbWu+WkLVQwk8JNjZ8nKRciZaByEW6MubieAiToS7+dwvrjGhH8jRXz3MVd0AYqQ==
    dependencies:
      inherits "^2.0.1"
      safe-buffer "^5.0.1"
  
  shebang-command@^2.0.0:
    version "2.0.0"
    resolved "https://registry.yarnpkg.com/shebang-command/-/shebang-command-2.0.0.tgz#ccd0af4f8835fbdc265b82461aaf0c36663f34ea"
    integrity sha512-kHxr2zZpYtdmrN1qDjrrX/Z1rR1kG8Dx+gkpK1G4eXmvXswmcE1hTWBWYUzlraYw1/yZp6YuDY77YtvbN0dmDA==
    dependencies:
      shebang-regex "^3.0.0"
  
  shebang-regex@^3.0.0:
    version "3.0.0"
    resolved "https://registry.yarnpkg.com/shebang-regex/-/shebang-regex-3.0.0.tgz#ae16f1644d873ecad843b0307b143362d4c42172"
    integrity sha512-7++dFhtcx3353uBaq8DDR4NuxBetBzC7ZQOhmTQInHEd6bSrXdiEyzCvG07Z44UYdLShWUyXt5M/yhz8ekcb1A==
  
  shell-quote@^1.8.1:
    version "1.8.2"
    resolved "https://registry.yarnpkg.com/shell-quote/-/shell-quote-1.8.2.tgz#d2d83e057959d53ec261311e9e9b8f51dcb2934a"
    integrity sha512-AzqKpGKjrj7EM6rKVQEPpB288oCfnrEIuyoT9cyF4nmGa7V8Zk6f7RRqYisX8X9m+Q7bd632aZW4ky7EhbQztA==
  
  side-channel-list@^1.0.0:
    version "1.0.0"
    resolved "https://registry.yarnpkg.com/side-channel-list/-/side-channel-list-1.0.0.tgz#10cb5984263115d3b7a0e336591e290a830af8ad"
    integrity sha512-FCLHtRD/gnpCiCHEiJLOwdmFP+wzCmDEkc9y7NsYxeF4u7Btsn1ZuwgwJGxImImHicJArLP4R0yX4c2KCrMrTA==
    dependencies:
      es-errors "^1.3.0"
      object-inspect "^1.13.3"
  
  side-channel-map@^1.0.1:
    version "1.0.1"
    resolved "https://registry.yarnpkg.com/side-channel-map/-/side-channel-map-1.0.1.tgz#d6bb6b37902c6fef5174e5f533fab4c732a26f42"
    integrity sha512-VCjCNfgMsby3tTdo02nbjtM/ewra6jPHmpThenkTYh8pG9ucZ/1P8So4u4FGBek/BjpOVsDCMoLA/iuBKIFXRA==
    dependencies:
      call-bound "^1.0.2"
      es-errors "^1.3.0"
      get-intrinsic "^1.2.5"
      object-inspect "^1.13.3"
  
  side-channel-weakmap@^1.0.2:
    version "1.0.2"
    resolved "https://registry.yarnpkg.com/side-channel-weakmap/-/side-channel-weakmap-1.0.2.tgz#11dda19d5368e40ce9ec2bdc1fb0ecbc0790ecea"
    integrity sha512-WPS/HvHQTYnHisLo9McqBHOJk2FkHO/tlpvldyrnem4aeQp4hai3gythswg6p01oSoTl58rcpiFAjF2br2Ak2A==
    dependencies:
      call-bound "^1.0.2"
      es-errors "^1.3.0"
      get-intrinsic "^1.2.5"
      object-inspect "^1.13.3"
      side-channel-map "^1.0.1"
  
  side-channel@^1.0.6:
    version "1.1.0"
    resolved "https://registry.yarnpkg.com/side-channel/-/side-channel-1.1.0.tgz#c3fcff9c4da932784873335ec9765fa94ff66bc9"
    integrity sha512-ZX99e6tRweoUXqR+VBrslhda51Nh5MTQwou5tnUDgbtyM0dBgmhEDtWGP/xbKn6hqfPRHujUNwz5fy/wbbhnpw==
    dependencies:
      es-errors "^1.3.0"
      object-inspect "^1.13.3"
      side-channel-list "^1.0.0"
      side-channel-map "^1.0.1"
      side-channel-weakmap "^1.0.2"
  
  signal-exit@^3.0.0, signal-exit@^3.0.2:
    version "3.0.7"
    resolved "https://registry.yarnpkg.com/signal-exit/-/signal-exit-3.0.7.tgz#a9a1767f8af84155114eaabd73f99273c8f59ad9"
    integrity sha512-wnD2ZE+l+SPC/uoS0vXeE9L1+0wuaMqKlfz9AMUo38JsyLSBWSFcHR1Rri62LZc12vLr1gb3jl7iwQhgwpAbGQ==
  
  signal-exit@^4.0.1:
    version "4.1.0"
    resolved "https://registry.yarnpkg.com/signal-exit/-/signal-exit-4.1.0.tgz#952188c1cbd546070e2dd20d0f41c0ae0530cb04"
    integrity sha512-bzyZ1e88w9O1iNJbKnOlvYTrWPDl46O1bG0D3XInv+9tkPrxrN8jUUTiFlDkkmKWgn1M6CfIA13SuGqOa9Korw==
  
  simple-update-notifier@^2.0.0:
    version "2.0.0"
    resolved "https://registry.yarnpkg.com/simple-update-notifier/-/simple-update-notifier-2.0.0.tgz#d70b92bdab7d6d90dfd73931195a30b6e3d7cebb"
    integrity sha512-a2B9Y0KlNXl9u/vsW6sTIu9vGEpfKu2wRV6l1H3XEas/0gUIzGzBoP/IouTcUQbm9JWZLH3COxyn03TYlFax6w==
    dependencies:
      semver "^7.5.3"
  
  split2@^4.1.0:
    version "4.2.0"
    resolved "https://registry.yarnpkg.com/split2/-/split2-4.2.0.tgz#c9c5920904d148bab0b9f67145f245a86aadbfa4"
    integrity sha512-UcjcJOWknrNkF6PLX83qcHM6KHgVKNkV62Y8a5uYDVv9ydGQVwAHMKqHdJje1VTWpljG0WYpCDhrCdAOYH4TWg==
  
  statuses@2.0.1:
    version "2.0.1"
    resolved "https://registry.yarnpkg.com/statuses/-/statuses-2.0.1.tgz#55cb000ccf1d48728bd23c685a063998cf1a1b63"
    integrity sha512-RwNA9Z/7PrK06rYLIzFMlaF+l73iwpzsqRIFgbMLbTcLD6cOao82TaWefPXQvB2fOC4AjuYSEndS7N/mTCbkdQ==
  
  "string-width-cjs@npm:string-width@^4.2.0", "string-width@^1.0.2 || 2 || 3 || 4", string-width@^4.1.0, string-width@^4.2.0, string-width@^4.2.3:
    version "4.2.3"
    resolved "https://registry.yarnpkg.com/string-width/-/string-width-4.2.3.tgz#269c7117d27b05ad2e536830a8ec895ef9c6d010"
    integrity sha512-wKyQRQpjJ0sIp62ErSZdGsjMJWsap5oRNihHhu6G7JVO/9jIB6UyevL+tXuOqrng8j/cxKTWyWUwvSTriiZz/g==
    dependencies:
      emoji-regex "^8.0.0"
      is-fullwidth-code-point "^3.0.0"
      strip-ansi "^6.0.1"
  
  string-width@^5.0.1, string-width@^5.1.2:
    version "5.1.2"
    resolved "https://registry.yarnpkg.com/string-width/-/string-width-5.1.2.tgz#14f8daec6d81e7221d2a357e668cab73bdbca794"
    integrity sha512-HnLOCR3vjcY8beoNLtcjZ5/nxn2afmME6lhrDrebokqMap+XbeW8n9TXpPDOqdGK5qcI3oT0GKTW6wC7EMiVqA==
    dependencies:
      eastasianwidth "^0.2.0"
      emoji-regex "^9.2.2"
      strip-ansi "^7.0.1"
  
  string_decoder@^1.1.1:
    version "1.3.0"
    resolved "https://registry.yarnpkg.com/string_decoder/-/string_decoder-1.3.0.tgz#42f114594a46cf1a8e30b0a84f56c78c3edac21e"
    integrity sha512-hkRX8U1WjJFd8LsDJ2yQ/wWWxaopEsABU1XfkM8A+j0+85JAGppt16cr1Whg6KIbb4okU6Mql6BOj+uup/wKeA==
    dependencies:
      safe-buffer "~5.2.0"
  
  "strip-ansi-cjs@npm:strip-ansi@^6.0.1", strip-ansi@^6.0.0, strip-ansi@^6.0.1:
    version "6.0.1"
    resolved "https://registry.yarnpkg.com/strip-ansi/-/strip-ansi-6.0.1.tgz#9e26c63d30f53443e9489495b2105d37b67a85d9"
    integrity sha512-Y38VPSHcqkFrCpFnQ9vuSXmquuv5oXOKpGeT6aGrr3o3Gc9AlVa6JBfUSOCnbxGGZF+/0ooI7KrPuUSztUdU5A==
    dependencies:
      ansi-regex "^5.0.1"
  
  strip-ansi@^7.0.1:
    version "7.1.0"
    resolved "https://registry.yarnpkg.com/strip-ansi/-/strip-ansi-7.1.0.tgz#d5b6568ca689d8561370b0707685d22434faff45"
    integrity sha512-iq6eVVI64nQQTRYq2KtEg2d2uU7LElhTJwsH4YzIHZshxlgZms/wIc4VoDQTlG/IvVIrBKG06CrZnp0qv7hkcQ==
    dependencies:
      ansi-regex "^6.0.1"
  
  strip-bom@4.0.0:
    version "4.0.0"
    resolved "https://registry.yarnpkg.com/strip-bom/-/strip-bom-4.0.0.tgz#9c3505c1db45bcedca3d9cf7a16f5c5aa3901878"
    integrity sha512-3xurFv5tEgii33Zi8Jtp55wEIILR9eh34FAW00PZf+JnSsTmV/ioewSgQl97JHvgjoRGwPShsWm+IdrxB35d0w==
  
  strip-json-comments@3.1.1:
    version "3.1.1"
    resolved "https://registry.yarnpkg.com/strip-json-comments/-/strip-json-comments-3.1.1.tgz#31f1281b3832630434831c310c01cccda8cbe006"
    integrity sha512-6fPc+R4ihwqP6N/aIv2f1gMH8lOVtWQHoqC4yK6oSDVVocumAsfCqjkXnqiYMhmMwS/mEHLp7Vehlt3ql6lEig==
  
  supports-color@^5.3.0, supports-color@^5.5.0:
    version "5.5.0"
    resolved "https://registry.yarnpkg.com/supports-color/-/supports-color-5.5.0.tgz#e2e69a44ac8772f78a1ec0b35b689df6530efc8f"
    integrity sha512-QjVjwdXIt408MIiAqCX4oUKsgU2EqAGzs2Ppkm4aQYbjm+ZEWEcW4SfFNTr4uMNZma0ey4f5lgLrkB0aX0QMow==
    dependencies:
      has-flag "^3.0.0"
  
  supports-color@^7.1.0:
    version "7.2.0"
    resolved "https://registry.yarnpkg.com/supports-color/-/supports-color-7.2.0.tgz#1b7dcdcb32b8138801b3e478ba6a51caa89648da"
    integrity sha512-qpCAvRl9stuOHveKsn7HncJRvv501qIacKzQlO/+Lwxc9+0q2wLyv4Dfvt80/DPn2pqOBsJdDiogXGR9+OvwRw==
    dependencies:
      has-flag "^4.0.0"
  
  supports-color@^8.1.1:
    version "8.1.1"
    resolved "https://registry.yarnpkg.com/supports-color/-/supports-color-8.1.1.tgz#cd6fc17e28500cff56c1b86c0a7fd4a54a73005c"
    integrity sha512-MpUEN2OodtUzxvKQl72cUF7RQ5EiHsGvSsVG0ia9c5RbWGL2CI4C7EpPS8UTBIplnlzZiNuV56w+FuNxy3ty2Q==
    dependencies:
      has-flag "^4.0.0"
  
  swagger-autogen@^2.23.7:
    version "2.23.7"
    resolved "https://registry.yarnpkg.com/swagger-autogen/-/swagger-autogen-2.23.7.tgz#40023e583b1d4b4321313bb92cc768488758f135"
    integrity sha512-vr7uRmuV0DCxWc0wokLJAwX3GwQFJ0jwN+AWk0hKxre2EZwusnkGSGdVFd82u7fQLgwSTnbWkxUL7HXuz5LTZQ==
    dependencies:
      acorn "^7.4.1"
      deepmerge "^4.2.2"
      glob "^7.1.7"
      json5 "^2.2.3"
  
  swagger-jsdoc@^6.2.8:
    version "6.2.8"
    resolved "https://registry.yarnpkg.com/swagger-jsdoc/-/swagger-jsdoc-6.2.8.tgz#6d33d9fb07ff4a7c1564379c52c08989ec7d0256"
    integrity sha512-VPvil1+JRpmJ55CgAtn8DIcpBs0bL5L3q5bVQvF4tAW/k/9JYSj7dCpaYCAv5rufe0vcCbBRQXGvzpkWjvLklQ==
    dependencies:
      commander "6.2.0"
      doctrine "3.0.0"
      glob "7.1.6"
      lodash.mergewith "^4.6.2"
      swagger-parser "^10.0.3"
      yaml "2.0.0-1"
  
  swagger-parser@^10.0.3:
    version "10.0.3"
    resolved "https://registry.yarnpkg.com/swagger-parser/-/swagger-parser-10.0.3.tgz#04cb01c18c3ac192b41161c77f81e79309135d03"
    integrity sha512-nF7oMeL4KypldrQhac8RyHerJeGPD1p2xDh900GPvc+Nk7nWP6jX2FcC7WmkinMoAmoO774+AFXcWsW8gMWEIg==
    dependencies:
      "@apidevtools/swagger-parser" "10.0.3"
  
  swagger-ui-dist@>=5.0.0:
    version "5.20.0"
    resolved "https://registry.yarnpkg.com/swagger-ui-dist/-/swagger-ui-dist-5.20.0.tgz#b14d5e2bd0ffab2179de221288ee366a5ec5fcf1"
    integrity sha512-V5pozVTZxivdoQq/SQWxj3A4cOu5opk9MEbcZANX3Pj8X8xCrD1QCtBT7744Pz9msOvt0nnmy9JvM/9PGonCdg==
    dependencies:
      "@scarf/scarf" "=1.4.0"
  
  swagger-ui-express@^5.0.1:
    version "5.0.1"
    resolved "https://registry.yarnpkg.com/swagger-ui-express/-/swagger-ui-express-5.0.1.tgz#fb8c1b781d2793a6bd2f8a205a3f4bd6fa020dd8"
    integrity sha512-SrNU3RiBGTLLmFU8GIJdOdanJTl4TOmT27tt3bWWHppqYmAZ6IDuEuBvMU6nZq0zLEe6b/1rACXCgLZqO6ZfrA==
    dependencies:
      swagger-ui-dist ">=5.0.0"
  
  tar@^6.1.11:
    version "6.2.1"
    resolved "https://registry.yarnpkg.com/tar/-/tar-6.2.1.tgz#717549c541bc3c2af15751bea94b1dd068d4b03a"
    integrity sha512-DZ4yORTwrbTj/7MZYq2w+/ZFdI6OZ/f9SFHR+71gIVUZhOQPHzVCLpvRnPgyaMpfWxxk/4ONva3GQSyNIKRv6A==
    dependencies:
      chownr "^2.0.0"
      fs-minipass "^2.0.0"
      minipass "^5.0.0"
      minizlib "^2.1.1"
      mkdirp "^1.0.3"
      yallist "^4.0.0"
  
  thenify-all@^1.0.0:
    version "1.6.0"
    resolved "https://registry.yarnpkg.com/thenify-all/-/thenify-all-1.6.0.tgz#1a1918d402d8fc3f98fbf234db0bcc8cc10e9726"
    integrity sha512-RNxQH/qI8/t3thXJDwcstUO4zeqo64+Uy/+sNVRBx4Xn2OX+OZ9oP+iJnNFqplFra2ZUVeKCSa2oVWi3T4uVmA==
    dependencies:
      thenify ">= 3.1.0 < 4"
  
  "thenify@>= 3.1.0 < 4":
    version "3.3.1"
    resolved "https://registry.yarnpkg.com/thenify/-/thenify-3.3.1.tgz#8932e686a4066038a016dd9e2ca46add9838a95f"
    integrity sha512-RVZSIV5IG10Hk3enotrhvz0T9em6cyHBLkH/YAZuKqd8hRkKhSfCGIcP2KUY0EPxndzANBmNllzWPwak+bheSw==
    dependencies:
      any-promise "^1.0.0"
  
  through@^2.3.6:
    version "2.3.8"
    resolved "https://registry.yarnpkg.com/through/-/through-2.3.8.tgz#0dd4c9ffaabc357960b1b724115d7e0e86a2e1f5"
    integrity sha512-w89qg7PI8wAdvX60bMDP+bFoD5Dvhm9oLheFp5O4a2QF0cSBGsBX4qZmadPMvVqlLJBBci+WqGGOAPvcDeNSVg==
  
  tmp@^0.0.33:
    version "0.0.33"
    resolved "https://registry.yarnpkg.com/tmp/-/tmp-0.0.33.tgz#6d34335889768d21b2bcda0aa277ced3b1bfadf9"
    integrity sha512-jRCJlojKnZ3addtTOjdIqoRuPEKBvNXcGYqzO6zWZX8KfKEpnGY5jfggJQ3EjKuu8D4bJRr0y+cYJFmYbImXGw==
    dependencies:
      os-tmpdir "~1.0.2"
  
  to-regex-range@^5.0.1:
    version "5.0.1"
    resolved "https://registry.yarnpkg.com/to-regex-range/-/to-regex-range-5.0.1.tgz#1648c44aae7c8d988a326018ed72f5b4dd0392e4"
    integrity sha512-65P7iz6X5yEr1cwcgvQxbbIw7Uk3gOy5dIdtZ4rDveLqhrdJP+Li/Hx6tyK0NEb+2GCyneCMJiGqrADCSNk8sQ==
    dependencies:
      is-number "^7.0.0"
  
  toidentifier@1.0.1:
    version "1.0.1"
    resolved "https://registry.yarnpkg.com/toidentifier/-/toidentifier-1.0.1.tgz#3be34321a88a820ed1bd80dfaa33e479fbb8dd35"
    integrity sha512-o5sSPKEkg/DIQNmH43V0/uerLrpzVedkUh8tGNvaeXpfpuwjKenlSox/2O/BTlZUtEe+JG7s5YhEz608PlAHRA==
  
  touch@^3.1.0:
    version "3.1.1"
    resolved "https://registry.yarnpkg.com/touch/-/touch-3.1.1.tgz#097a23d7b161476435e5c1344a95c0f75b4a5694"
    integrity sha512-r0eojU4bI8MnHr8c5bNo7lJDdI2qXlWWJk6a9EAFG7vbhTjElYhBVS3/miuE0uOuoLdb8Mc/rVfsmm6eo5o9GA==
  
  tr46@~0.0.3:
    version "0.0.3"
    resolved "https://registry.yarnpkg.com/tr46/-/tr46-0.0.3.tgz#8184fd347dac9cdc185992f3a6622e14b9d9ab6a"
    integrity sha512-N3WMsuqV66lT30CrXNbEjx4GEwlow3v6rr4mCcv6prnfwhS01rkgyFdjPNBYd9br7LpXV1+Emh01fHnq2Gdgrw==
  
  tree-kill@^1.2.2:
    version "1.2.2"
    resolved "https://registry.yarnpkg.com/tree-kill/-/tree-kill-1.2.2.tgz#4ca09a9092c88b73a7cdc5e8a01b507b0790a0cc"
    integrity sha512-L0Orpi8qGpRG//Nd+H90vFB+3iHnue1zSSGmNOOCh1GLJ7rUKVwV2HvijphGQS2UmhUZewS9VgvxYIdgr+fG1A==
  
  ts-node@10.9.1:
    version "10.9.1"
    resolved "https://registry.yarnpkg.com/ts-node/-/ts-node-10.9.1.tgz#e73de9102958af9e1f0b168a6ff320e25adcff4b"
    integrity sha512-NtVysVPkxxrwFGUUxGYhfux8k78pQB3JqYBXlLRZgdGUqTO5wU/UyHop5p70iEbGhB7q5KmiZiU0Y3KlJrScEw==
    dependencies:
      "@cspotcode/source-map-support" "^0.8.0"
      "@tsconfig/node10" "^1.0.7"
      "@tsconfig/node12" "^1.0.7"
      "@tsconfig/node14" "^1.0.0"
      "@tsconfig/node16" "^1.0.2"
      acorn "^8.4.1"
      acorn-walk "^8.1.1"
      arg "^4.1.0"
      create-require "^1.1.0"
      diff "^4.0.1"
      make-error "^1.1.1"
      v8-compile-cache-lib "^3.0.1"
      yn "3.1.1"
  
  tslib@^2.1.0, tslib@^2.5.0:
    version "2.8.1"
    resolved "https://registry.yarnpkg.com/tslib/-/tslib-2.8.1.tgz#612efe4ed235d567e8aba5f2a5fab70280ade83f"
    integrity sha512-oJFu94HQb+KVduSUQL7wnpmqnfmLsOA/nAh6b6EH0wCEoK0/mPeXU6c3wKDV83MkOuHPRHtSXKKU99IBazS/2w==
  
  type-fest@^0.21.3:
    version "0.21.3"
    resolved "https://registry.yarnpkg.com/type-fest/-/type-fest-0.21.3.tgz#d260a24b0198436e133fa26a524a6d65fa3b2e37"
    integrity sha512-t0rzBq87m3fVcduHDUFhKmyyX+9eo6WQjZvf51Ea/M0Q7+T374Jp1aUiyUl0GKxp8M/OETVHSDvmkyPgvX+X2w==
  
  type-is@~1.6.18:
    version "1.6.18"
    resolved "https://registry.yarnpkg.com/type-is/-/type-is-1.6.18.tgz#4e552cd05df09467dcbc4ef739de89f2cf37c131"
    integrity sha512-TkRKr9sUTxEH8MdfuCSP7VizJyzRNMjj2J2do2Jr3Kym598JVdEksuzPQCnlFPW4ky9Q+iA+ma9BGm06XQBy8g==
    dependencies:
      media-typer "0.3.0"
      mime-types "~2.1.24"
  
  typeorm@0.3.20:
    version "0.3.20"
    resolved "https://registry.yarnpkg.com/typeorm/-/typeorm-0.3.20.tgz#4b61d737c6fed4e9f63006f88d58a5e54816b7ab"
    integrity sha512-sJ0T08dV5eoZroaq9uPKBoNcGslHBR4E4y+EBHs//SiGbblGe7IeduP/IH4ddCcj0qp3PHwDwGnuvqEAnKlq/Q==
    dependencies:
      "@sqltools/formatter" "^1.2.5"
      app-root-path "^3.1.0"
      buffer "^6.0.3"
      chalk "^4.1.2"
      cli-highlight "^2.1.11"
      dayjs "^1.11.9"
      debug "^4.3.4"
      dotenv "^16.0.3"
      glob "^10.3.10"
      mkdirp "^2.1.3"
      reflect-metadata "^0.2.1"
      sha.js "^2.4.11"
      tslib "^2.5.0"
      uuid "^9.0.0"
      yargs "^17.6.2"
  
  typescript@4.5.2:
    version "4.5.2"
    resolved "https://registry.yarnpkg.com/typescript/-/typescript-4.5.2.tgz#8ac1fba9f52256fdb06fb89e4122fa6a346c2998"
    integrity sha512-5BlMof9H1yGt0P8/WF+wPNw6GfctgGjXp5hkblpyT+8rkASSmkUKMXrxR0Xg8ThVCi/JnHQiKXeBaEwCeQwMFw==
  
  undefsafe@^2.0.5:
    version "2.0.5"
    resolved "https://registry.yarnpkg.com/undefsafe/-/undefsafe-2.0.5.tgz#38733b9327bdcd226db889fb723a6efd162e6e2c"
    integrity sha512-WxONCrssBM8TSPRqN5EmsjVrsv4A8X12J4ArBiiayv3DyyG3ZlIg6yysuuSYdZsVz3TKcTg2fd//Ujd4CHV1iA==
  
  undici-types@~6.20.0:
    version "6.20.0"
    resolved "https://registry.yarnpkg.com/undici-types/-/undici-types-6.20.0.tgz#8171bf22c1f588d1554d55bf204bc624af388433"
    integrity sha512-Ny6QZ2Nju20vw1SRHe3d9jVu6gJ+4e3+MMpqu7pqE5HT6WsTSlce++GQmK5UXS8mzV8DSYHrQH+Xrf2jVcuKNg==
  
  universalify@^2.0.0:
    version "2.0.1"
    resolved "https://registry.yarnpkg.com/universalify/-/universalify-2.0.1.tgz#168efc2180964e6386d061e094df61afe239b18d"
    integrity sha512-gptHNQghINnc/vTGIk0SOFGFNXw7JVrlRUtConJRlvaw6DuX0wO5Jeko9sWrMBhh+PsYAZ7oXAiOnf/UKogyiw==
  
  unpipe@1.0.0, unpipe@~1.0.0:
    version "1.0.0"
    resolved "https://registry.yarnpkg.com/unpipe/-/unpipe-1.0.0.tgz#b2bf4ee8514aae6165b4817829d21b2ef49904ec"
    integrity sha512-pjy2bYhSsufwWlKwPc+l3cN7+wuJlK6uz0YdJEOlQDbl6jo/YlPi4mb8agUkVC8BF7V8NuzeyPNqRksA3hztKQ==
  
  util-deprecate@^1.0.1:
    version "1.0.2"
    resolved "https://registry.yarnpkg.com/util-deprecate/-/util-deprecate-1.0.2.tgz#450d4dc9fa70de732762fbd2d4a28981419a0ccf"
    integrity sha512-EPD5q1uXyFxJpCrLnCc1nHnq3gOa6DZBocAIiI2TaSCA7VCJ1UJDMagCzIkXNsUYfD1daK//LTEQ8xiIbrHtcw==
  
  utils-merge@1.0.1:
    version "1.0.1"
    resolved "https://registry.yarnpkg.com/utils-merge/-/utils-merge-1.0.1.tgz#9f95710f50a267947b2ccc124741c1028427e713"
    integrity sha512-pMZTvIkT1d+TFGvDOqodOclx0QWkkgi6Tdoa8gC8ffGAAqz9pzPTZWAybbsHHoED/ztMtkv/VoYTYyShUn81hA==
  
  uuid@^9.0.0:
    version "9.0.1"
    resolved "https://registry.yarnpkg.com/uuid/-/uuid-9.0.1.tgz#e188d4c8853cc722220392c424cd637f32293f30"
    integrity sha512-b+1eJOlsR9K8HJpow9Ok3fiWOWSIcIzXodvv0rQjVoOVNpWMpxf1wZNpt4y9h10odCNrqnYp1OBzRktckBe3sA==
  
  v8-compile-cache-lib@^3.0.1:
    version "3.0.1"
    resolved "https://registry.yarnpkg.com/v8-compile-cache-lib/-/v8-compile-cache-lib-3.0.1.tgz#6336e8d71965cb3d35a1bbb7868445a7c05264bf"
    integrity sha512-wa7YjyUGfNZngI/vtK0UHAN+lgDCxBPCylVXGp0zu59Fz5aiGtNXaq3DhIov063MorB+VfufLh3JlF2KdTK3xg==
  
  validator@^13.7.0:
    version "13.12.0"
    resolved "https://registry.yarnpkg.com/validator/-/validator-13.12.0.tgz#7d78e76ba85504da3fee4fd1922b385914d4b35f"
    integrity sha512-c1Q0mCiPlgdTVVVIJIrBuxNicYE+t/7oKeI9MWLj3fh/uq2Pxh/3eeWbVZ4OcGW1TUf53At0njHw5SMdA3tmMg==
  
  vary@~1.1.2:
    version "1.1.2"
    resolved "https://registry.yarnpkg.com/vary/-/vary-1.1.2.tgz#2299f02c6ded30d4a5961b0b9f74524a18f634fc"
    integrity sha512-BNGbWLfd0eUPabhkXUVm0j8uuvREyTh5ovRa/dyow/BqAbZJyC+5fU+IzQOzmAKzYqYRAISoRhdQr3eIZ/PXqg==
  
  wcwidth@^1.0.1:
    version "1.0.1"
    resolved "https://registry.yarnpkg.com/wcwidth/-/wcwidth-1.0.1.tgz#f0b0dcf915bc5ff1528afadb2c0e17b532da2fe8"
    integrity sha512-XHPEwS0q6TaxcvG85+8EYkbiCux2XtWG2mkc47Ng2A77BQu9+DqIOJldST4HgPkuea7dvKSj5VgX3P1d4rW8Tg==
    dependencies:
      defaults "^1.0.3"
  
  webidl-conversions@^3.0.0:
    version "3.0.1"
    resolved "https://registry.yarnpkg.com/webidl-conversions/-/webidl-conversions-3.0.1.tgz#24534275e2a7bc6be7bc86611cc16ae0a5654871"
    integrity sha512-2JAn3z8AR6rjK8Sm8orRC0h/bcl/DqL7tRPdGZ4I1CjdF+EaMLmYxBHyXuKL849eucPFhvBoxMsflfOb8kxaeQ==
  
  whatwg-url@^5.0.0:
    version "5.0.0"
    resolved "https://registry.yarnpkg.com/whatwg-url/-/whatwg-url-5.0.0.tgz#966454e8765462e37644d3626f6742ce8b70965d"
    integrity sha512-saE57nupxk6v3HY35+jzBwYa0rKSy0XR8JSxZPwgLr7ys0IBzhGviA1/TUGJLmSVqs8pb9AnvICXEuOHLprYTw==
    dependencies:
      tr46 "~0.0.3"
      webidl-conversions "^3.0.0"
  
  which@^1.2.14:
    version "1.3.1"
    resolved "https://registry.yarnpkg.com/which/-/which-1.3.1.tgz#a45043d54f5805316da8d62f9f50918d3da70b0a"
    integrity sha512-HxJdYWq1MTIQbJ3nw0cqssHoTNU267KlrDuGZ1WYlxDStUtKUhOaJmh112/TZmHxxUfuJqPXSOm7tDyas0OSIQ==
    dependencies:
      isexe "^2.0.0"
  
  which@^2.0.1:
    version "2.0.2"
    resolved "https://registry.yarnpkg.com/which/-/which-2.0.2.tgz#7c6a8dd0a636a0327e10b59c9286eee93f3f51b1"
    integrity sha512-BLI3Tl1TW3Pvl70l3yq3Y64i+awpwXqsGBYWkkqMtnbXgrMD+yj7rhW0kuEDxzJaYXGjEW5ogapKNMEKNMjibA==
    dependencies:
      isexe "^2.0.0"
  
  wide-align@^1.1.2:
    version "1.1.5"
    resolved "https://registry.yarnpkg.com/wide-align/-/wide-align-1.1.5.tgz#df1d4c206854369ecf3c9a4898f1b23fbd9d15d3"
    integrity sha512-eDMORYaPNZ4sQIuuYPDHdQvf4gyCF9rEEV/yPxGfwPkRodwEgiMUUXTx/dex+Me0wxx53S+NgUHaP7y3MGlDmg==
    dependencies:
      string-width "^1.0.2 || 2 || 3 || 4"
  
  word-wrap@^1.0.3:
    version "1.2.5"
    resolved "https://registry.yarnpkg.com/word-wrap/-/word-wrap-1.2.5.tgz#d2c45c6dd4fbce621a66f136cbe328afd0410b34"
    integrity sha512-BN22B5eaMMI9UMtjrGd5g5eCYPpCPDUy0FJXbYsaT5zYxjFOckS53SQDE3pWkVoWpHXVb3BrYcEN4Twa55B5cA==
  
  "wrap-ansi-cjs@npm:wrap-ansi@^7.0.0", wrap-ansi@^7.0.0:
    version "7.0.0"
    resolved "https://registry.yarnpkg.com/wrap-ansi/-/wrap-ansi-7.0.0.tgz#67e145cff510a6a6984bdf1152911d69d2eb9e43"
    integrity sha512-YVGIj2kamLSTxw6NsZjoBxfSwsn0ycdesmc4p+Q21c5zPuZ1pl+NfxVdxPtdHvmNVOQ6XSYG4AUtyt/Fi7D16Q==
    dependencies:
      ansi-styles "^4.0.0"
      string-width "^4.1.0"
      strip-ansi "^6.0.0"
  
  wrap-ansi@^8.1.0:
    version "8.1.0"
    resolved "https://registry.yarnpkg.com/wrap-ansi/-/wrap-ansi-8.1.0.tgz#56dc22368ee570face1b49819975d9b9a5ead214"
    integrity sha512-si7QWI6zUMq56bESFvagtmzMdGOtoxfR+Sez11Mobfc7tm+VkUckk9bW2UeffTGVUbOksxmSw0AA2gs8g71NCQ==
    dependencies:
      ansi-styles "^6.1.0"
      string-width "^5.0.1"
      strip-ansi "^7.0.1"
  
  wrappy@1:
    version "1.0.2"
    resolved "https://registry.yarnpkg.com/wrappy/-/wrappy-1.0.2.tgz#b5243d8f3ec1aa35f1364605bc0d1036e30ab69f"
    integrity sha512-l4Sp/DRseor9wL6EvV2+TuQn63dMkPjZ/sp9XkghTEbV9KlPS1xUsZ3u7/IQO4wxtcFB4bgpQPRcR3QCvezPcQ==
  
  xtend@^4.0.0:
    version "4.0.2"
    resolved "https://registry.yarnpkg.com/xtend/-/xtend-4.0.2.tgz#bb72779f5fa465186b1f438f674fa347fdb5db54"
    integrity sha512-LKYU1iAXJXUgAXn9URjiu+MWhyUXHsvfp7mcuYm9dSUKK0/CjtrUwFAxD82/mCWbtLsGjFIad0wIsod4zrTAEQ==
  
  y18n@^5.0.5:
    version "5.0.8"
    resolved "https://registry.yarnpkg.com/y18n/-/y18n-5.0.8.tgz#7f4934d0f7ca8c56f95314939ddcd2dd91ce1d55"
    integrity sha512-0pfFzegeDWJHJIAmTLRP2DwHjdF5s7jo9tuztdQxAhINCdvS+3nGINqPd00AphqJR/0LhANUS6/+7SCb98YOfA==
  
  yallist@^4.0.0:
    version "4.0.0"
    resolved "https://registry.yarnpkg.com/yallist/-/yallist-4.0.0.tgz#9bb92790d9c0effec63be73519e11a35019a3a72"
    integrity sha512-3wdGidZyq5PB084XLES5TpOSRA3wjXAlIWMhum2kRcv/41Sn2emQ0dycQW4uZXLejwKvg6EsvbdlVL+FYEct7A==
  
  yaml@2.0.0-1:
    version "2.0.0-1"
    resolved "https://registry.yarnpkg.com/yaml/-/yaml-2.0.0-1.tgz#8c3029b3ee2028306d5bcf396980623115ff8d18"
    integrity sha512-W7h5dEhywMKenDJh2iX/LABkbFnBxasD27oyXWDS/feDsxiw0dD5ncXdYXgkvAsXIY2MpW/ZKkr9IU30DBdMNQ==
  
  yargs-parser@^20.2.2:
    version "20.2.9"
    resolved "https://registry.yarnpkg.com/yargs-parser/-/yargs-parser-20.2.9.tgz#2eb7dc3b0289718fc295f362753845c41a0c94ee"
    integrity sha512-y11nGElTIV+CT3Zv9t7VKl+Q3hTQoT9a1Qzezhhl6Rp21gJ/IVTW7Z3y9EWXhuUBC2Shnf+DX0antecpAwSP8w==
  
  yargs-parser@^21.1.1:
    version "21.1.1"
    resolved "https://registry.yarnpkg.com/yargs-parser/-/yargs-parser-21.1.1.tgz#9096bceebf990d21bb31fa9516e0ede294a77d35"
    integrity sha512-tVpsJW7DdjecAiFpbIB1e3qxIQsE6NoPc5/eTdrbbIC4h0LVsWhnoa3g+m2HclBIujHzsxZ4VJVA+GUuc2/LBw==
  
  yargs@^16.0.0:
    version "16.2.0"
    resolved "https://registry.yarnpkg.com/yargs/-/yargs-16.2.0.tgz#1c82bf0f6b6a66eafce7ef30e376f49a12477f66"
    integrity sha512-D1mvvtDG0L5ft/jGWkLpG1+m0eQxOfaBvTNELraWj22wSVUMWxZUvYgJYcKh6jGGIkJFhH4IZPQhR4TKpc8mBw==
    dependencies:
      cliui "^7.0.2"
      escalade "^3.1.1"
      get-caller-file "^2.0.5"
      require-directory "^2.1.1"
      string-width "^4.2.0"
      y18n "^5.0.5"
      yargs-parser "^20.2.2"
  
  yargs@^17.6.2, yargs@^17.7.2:
    version "17.7.2"
    resolved "https://registry.yarnpkg.com/yargs/-/yargs-17.7.2.tgz#991df39aca675a192b816e1e0363f9d75d2aa269"
    integrity sha512-7dSzzRQ++CKnNI/krKnYRV7JKKPUXMEh61soaHKg9mrWEhzFWhFnxPxGl+69cD1Ou63C13NUPCnmIcrvqCuM6w==
    dependencies:
      cliui "^8.0.1"
      escalade "^3.1.1"
      get-caller-file "^2.0.5"
      require-directory "^2.1.1"
      string-width "^4.2.3"
      y18n "^5.0.5"
      yargs-parser "^21.1.1"
  
  yn@3.1.1:
    version "3.1.1"
    resolved "https://registry.yarnpkg.com/yn/-/yn-3.1.1.tgz#1e87401a09d767c1d5eab26a6e4c185182d2eb50"
    integrity sha512-Ux4ygGWsu2c7isFWe8Yu1YluJmqVhxqK2cLXNQA5AcC3QfbGNpM7fu0Y8b/z16pXLnFxZYvWhd3fhBY9DLmC6Q==
  
  z-schema@^5.0.1:
    version "5.0.6"
    resolved "https://registry.yarnpkg.com/z-schema/-/z-schema-5.0.6.tgz#46d6a687b15e4a4369e18d6cb1c7b8618fc256c5"
    integrity sha512-+XR1GhnWklYdfr8YaZv/iu+vY+ux7V5DS5zH1DQf6bO5ufrt/5cgNhVO5qyhsjFXvsqQb/f08DWE9b6uPscyAg==
    dependencies:
      lodash.get "^4.4.2"
      lodash.isequal "^4.5.0"
      validator "^13.7.0"
    optionalDependencies:
      commander "^10.0.0"
